icon,datetime,temp,windspeed,preciptype,description
partly-cloudy-day,2015-08-01,28.2,15.9,--,Partly cloudy throughout the day.
partly-cloudy-day,2015-08-02,27.3,22.3,--,Partly cloudy throughout the day.
partly-cloudy-day,2015-08-03,27.9,24.8,--,Partly cloudy throughout the day.
rain,2015-08-04,29.3,22.6,rain,Partly cloudy throughout the day with late afternoon rain.
partly-cloudy-day,2015-08-05,28.6,21.6,--,Clearing in the afternoon.
rain,2015-08-06,26.2,21.4,rain,Partly cloudy throughout the day with late afternoon rain.
rain,2015-08-07,24.4,22.8,rain,Cloudy skies throughout the day with early morning rain.
rain,2015-08-08,26.3,19.7,rain,Partly cloudy throughout the day with early morning rain.
partly-cloudy-day,2015-08-09,26.4,17.4,--,Partly cloudy throughout the day.
rain,2015-08-10,23.7,27.3,rain,Cloudy skies throughout the day with a chance of rain throughout the day.
rain,2015-08-11,26.5,23.8,rain,Partly cloudy throughout the day with a chance of rain throughout the day.
partly-cloudy-day,2015-08-12,25.6,26.9,--,Becoming cloudy in the afternoon.
partly-cloudy-day,2015-08-13,24.4,19.6,--,Partly cloudy throughout the day.
partly-cloudy-day,2015-08-14,24.3,16.1,--,Partly cloudy throughout the day.
partly-cloudy-day,2015-08-15,25.1,20,--,Partly cloudy throughout the day.
partly-cloudy-day,2015-08-16,26.2,21.6,--,Partly cloudy throughout the day.
partly-cloudy-day,2015-08-17,27.8,20.3,--,Partly cloudy throughout the day.
partly-cloudy-day,2015-08-18,27,21.2,--,Partly cloudy throughout the day.
partly-cloudy-day,2015-08-19,27.5,23.5,--,Partly cloudy throughout the day.
rain,2015-08-20,26.4,23.8,rain,Cloudy skies throughout the day with rain.
partly-cloudy-day,2015-08-21,25.3,27.2,--,Partly cloudy throughout the day.
partly-cloudy-day,2015-08-22,24,16.4,--,Partly cloudy throughout the day.
rain,2015-08-23,23.7,16.4,rain,Partly cloudy throughout the day with early morning rain.
rain,2015-08-24,25.8,29.8,rain,Partly cloudy throughout the day with late afternoon rain.
rain,2015-08-25,24.9,21.1,rain,Clearing in the afternoon with morning rain.
partly-cloudy-day,2015-08-26,22.8,21.7,--,Partly cloudy throughout the day.
partly-cloudy-day,2015-08-27,22.5,20.1,--,Partly cloudy throughout the day.
partly-cloudy-day,2015-08-28,23.2,19.3,--,Becoming cloudy in the afternoon.
partly-cloudy-day,2015-08-29,25.2,21.7,--,Partly cloudy throughout the day.
rain,2015-08-30,25,20.8,rain,Partly cloudy throughout the day with afternoon rain.
partly-cloudy-day,2015-08-31,26.6,20,--,Partly cloudy throughout the day.
partly-cloudy-day,2015-09-01,27.7,13,--,Becoming cloudy in the afternoon.
rain,2015-09-02,28.2,14.6,rain,Partly cloudy throughout the day with late afternoon rain.
rain,2015-09-03,27.7,17.1,rain,Partly cloudy throughout the day with rain.
partly-cloudy-day,2015-09-04,27.8,17.7,--,Partly cloudy throughout the day.
partly-cloudy-day,2015-09-05,25.7,22.8,--,Partly cloudy throughout the day.
partly-cloudy-day,2015-09-06,24.5,14,--,Partly cloudy throughout the day.
partly-cloudy-day,2015-09-07,26.1,17.4,--,Partly cloudy throughout the day.
rain,2015-09-08,27.5,19.6,rain,Becoming cloudy in the afternoon with afternoon rain.
partly-cloudy-day,2015-09-09,28.2,19.6,--,Partly cloudy throughout the day.
rain,2015-09-10,24.7,25,rain,Cloudy skies throughout the day with a chance of rain throughout the day.
rain,2015-09-11,23.9,22.2,rain,Partly cloudy throughout the day with early morning rain.
rain,2015-09-12,21.8,19.7,rain,Partly cloudy throughout the day with rain in the morning and afternoon.
rain,2015-09-13,19.8,28.8,rain,Partly cloudy throughout the day with morning rain.
clear-day,2015-09-14,19.5,22.7,--,Clear conditions throughout the day.
partly-cloudy-day,2015-09-15,21.8,12.8,--,Partly cloudy throughout the day.
partly-cloudy-day,2015-09-16,22.8,15.4,--,Partly cloudy throughout the day.
partly-cloudy-day,2015-09-17,23.1,16.1,--,Partly cloudy throughout the day.
clear-day,2015-09-18,23.3,18.3,--,Clear conditions throughout the day.
partly-cloudy-day,2015-09-19,24,17.8,--,Partly cloudy throughout the day.
partly-cloudy-day,2015-09-20,23,24.1,--,Partly cloudy throughout the day.
rain,2015-09-21,18.8,21.4,rain,Cloudy skies throughout the day with rain.
rain,2015-09-22,19.5,18.1,rain,Cloudy skies throughout the day with early morning rain.
partly-cloudy-day,2015-09-23,20.8,23.3,--,Becoming cloudy in the afternoon.
partly-cloudy-day,2015-09-24,20.7,23.2,--,Partly cloudy throughout the day.
cloudy,2015-09-25,20,26.4,--,Cloudy skies throughout the day.
rain,2015-09-26,19.8,32.1,rain,Cloudy skies throughout the day with late afternoon rain.
rain,2015-09-27,19.9,21.9,rain,Cloudy skies throughout the day with early morning rain.
rain,2015-09-28,22.9,15.9,rain,Cloudy skies throughout the day with morning rain.
rain,2015-09-29,23.9,23.3,rain,Cloudy skies throughout the day with rain.
rain,2015-09-30,22.6,32.5,rain,Cloudy skies throughout the day with rain.
rain,2015-10-01,14.6,28,rain,Cloudy skies throughout the day with a chance of rain throughout the day.
rain,2015-10-02,11.9,35.6,rain,Cloudy skies throughout the day with a chance of rain throughout the day.
rain,2015-10-03,12.1,35.2,rain,Cloudy skies throughout the day with a chance of rain throughout the day.
rain,2015-10-04,13.9,34.9,rain,Cloudy skies throughout the day with rain clearing later.
partly-cloudy-day,2015-10-05,15,21.3,--,Partly cloudy throughout the day.
partly-cloudy-day,2015-10-06,16.8,14.2,--,Partly cloudy throughout the day.
partly-cloudy-day,2015-10-07,18.8,19.9,--,Partly cloudy throughout the day.
partly-cloudy-day,2015-10-08,18.8,12.2,--,Partly cloudy throughout the day.
rain,2015-10-09,20.3,29.4,rain,Partly cloudy throughout the day with rain.
rain,2015-10-10,15.7,26.9,rain,Partly cloudy throughout the day with early morning rain.
partly-cloudy-day,2015-10-11,14.2,14.1,--,Partly cloudy throughout the day.
clear-day,2015-10-12,16.3,19.8,--,Clear conditions throughout the day.
rain,2015-10-13,18.9,15.6,rain,Partly cloudy throughout the day with rain.
rain,2015-10-14,16.9,24.5,rain,Partly cloudy throughout the day with early morning rain.
partly-cloudy-day,2015-10-15,15.2,22.8,--,Clearing in the afternoon.
partly-cloudy-day,2015-10-16,14.7,28.1,--,Partly cloudy throughout the day.
rain,2015-10-17,11,29.3,rain,Partly cloudy throughout the day with afternoon rain.
partly-cloudy-day,2015-10-18,7.9,28.7,--,Becoming cloudy in the afternoon.
clear-day,2015-10-19,7.8,17.4,--,Clear conditions throughout the day.
partly-cloudy-day,2015-10-20,12,18,--,Partly cloudy throughout the day.
rain,2015-10-21,14.6,12.1,rain,Partly cloudy throughout the day with late afternoon rain.
partly-cloudy-day,2015-10-22,16.3,13.8,--,Partly cloudy throughout the day.
partly-cloudy-day,2015-10-23,16.9,21.6,--,Clearing in the afternoon.
partly-cloudy-day,2015-10-24,12.4,17.2,--,Partly cloudy throughout the day.
rain,2015-10-25,15.8,27,rain,Partly cloudy throughout the day with rain in the morning and afternoon.
partly-cloudy-day,2015-10-26,11.8,21.3,--,Partly cloudy throughout the day.
cloudy,2015-10-27,11,21.4,--,Cloudy skies throughout the day.
rain,2015-10-28,17.9,31.3,rain,Cloudy skies throughout the day with a chance of rain throughout the day.
rain,2015-10-29,18.6,23.4,rain,Partly cloudy throughout the day with early morning rain.
partly-cloudy-day,2015-10-30,12.2,31.8,--,Partly cloudy throughout the day.
partly-cloudy-day,2015-10-31,10.9,15.6,--,Partly cloudy throughout the day.
rain,2015-11-01,14.5,21.4,rain,Partly cloudy throughout the day with morning rain.
rain,2015-11-02,14.7,7.5,rain,Partly cloudy throughout the day with morning rain.
clear-day,2015-11-03,14.1,7,--,Clear conditions throughout the day.
rain,2015-11-04,15.8,10.8,rain,Becoming cloudy in the afternoon with late afternoon rain.
rain,2015-11-05,16.9,12.5,rain,Partly cloudy throughout the day with early morning rain.
rain,2015-11-06,21,30.1,rain,Partly cloudy throughout the day with morning rain.
rain,2015-11-07,16,18.6,rain,Cloudy skies throughout the day with rain.
partly-cloudy-day,2015-11-08,10.9,20.2,--,Partly cloudy throughout the day.
rain,2015-11-09,8.8,21,rain,Partly cloudy throughout the day with late afternoon rain.
rain,2015-11-10,13.5,28.5,rain,Cloudy skies throughout the day with a chance of rain throughout the day.
partly-cloudy-day,2015-11-11,13.7,31,--,Partly cloudy throughout the day.
rain,2015-11-12,13.7,23.8,rain,Partly cloudy throughout the day with afternoon rain.
clear-day,2015-11-13,13.8,35,--,Clear conditions throughout the day.
partly-cloudy-day,2015-11-14,9.5,29.1,--,Partly cloudy throughout the day.
partly-cloudy-day,2015-11-15,9.7,21.4,--,Partly cloudy throughout the day.
clear-day,2015-11-16,12.2,12.6,--,Clear conditions throughout the day.
partly-cloudy-day,2015-11-17,11.5,19.5,--,Partly cloudy throughout the day.
partly-cloudy-day,2015-11-18,13.7,24,--,Partly cloudy throughout the day.
rain,2015-11-19,17.2,31,rain,Cloudy skies throughout the day with rain.
clear-day,2015-11-20,11.1,33.1,--,Clear conditions throughout the day.
partly-cloudy-day,2015-11-21,8.1,17.6,--,Partly cloudy throughout the day.
partly-cloudy-day,2015-11-22,7.4,34.2,--,Partly cloudy throughout the day.
clear-day,2015-11-23,2.7,25.7,--,Clear conditions throughout the day.
partly-cloudy-day,2015-11-24,6.4,21.2,--,Partly cloudy throughout the day.
partly-cloudy-day,2015-11-25,7.7,12.9,--,Partly cloudy throughout the day.
partly-cloudy-day,2015-11-26,9.8,10.3,--,Partly cloudy throughout the day.
partly-cloudy-day,2015-11-27,11,17.9,--,Partly cloudy throughout the day.
cloudy,2015-11-28,13.2,10.8,--,Cloudy skies throughout the day.
rain,2015-11-29,9.7,23.3,rain,Cloudy skies throughout the day with a chance of rain throughout the day.
rain,2015-11-30,5.6,21.4,rain,Cloudy skies throughout the day with rain.
rain,2015-12-01,8.2,14.1,rain,Cloudy skies throughout the day with a chance of rain throughout the day.
rain,2015-12-02,11.7,21.9,rain,Cloudy skies throughout the day with a chance of rain throughout the day.
rain,2015-12-03,8.2,39.8,rain,Partly cloudy throughout the day with morning rain.
partly-cloudy-day,2015-12-04,6.6,16.8,--,Partly cloudy throughout the day.
clear-day,2015-12-05,6.2,8.9,--,Clear conditions throughout the day.
partly-cloudy-day,2015-12-06,5.2,15.8,--,Partly cloudy throughout the day.
partly-cloudy-day,2015-12-07,8.5,14,--,Partly cloudy throughout the day.
partly-cloudy-day,2015-12-08,7.5,13.8,--,Becoming cloudy in the afternoon.
rain,2015-12-09,6.4,14.6,rain,Partly cloudy throughout the day with late afternoon rain.
rain,2015-12-10,10.1,8.7,rain,Becoming cloudy in the afternoon with rain.
partly-cloudy-day,2015-12-11,11.1,15.7,--,Partly cloudy throughout the day.
rain,2015-12-12,12.6,12.6,rain,Partly cloudy throughout the day with afternoon rain.
partly-cloudy-day,2015-12-13,14,14,--,Partly cloudy throughout the day.
rain,2015-12-14,16.2,31.1,rain,Cloudy skies throughout the day with rain.
rain,2015-12-15,15,35.5,rain,Clearing in the afternoon with early morning rain.
partly-cloudy-day,2015-12-16,9.5,15.2,--,Clearing in the afternoon.
rain,2015-12-17,10.2,11.2,rain,Cloudy skies throughout the day with rain in the morning and afternoon.
partly-cloudy-day,2015-12-18,6.8,40.7,--,Partly cloudy throughout the day.
clear-day,2015-12-19,2.9,34.4,--,Clear conditions throughout the day.
partly-cloudy-day,2015-12-20,3.8,14.2,--,Partly cloudy throughout the day.
cloudy,2015-12-21,9.4,28.3,--,Cloudy skies throughout the day.
rain,2015-12-22,13.2,19.4,rain,Cloudy skies throughout the day with morning rain.
rain,2015-12-23,15.9,16.8,rain,Cloudy skies throughout the day with rain.
rain,2015-12-24,18.9,31.4,rain,Cloudy skies throughout the day with rain clearing later.
rain,2015-12-25,17.8,16.4,rain,Cloudy skies throughout the day with rain.
rain,2015-12-26,13.3,29.8,rain,Cloudy skies throughout the day with rain.
rain,2015-12-27,15.5,30.9,rain,Cloudy skies throughout the day with late afternoon rain.
rain,2015-12-28,7.8,33.5,rain,Cloudy skies throughout the day with late afternoon rain.
rain,2015-12-29,9.2,19.3,rain,Cloudy skies throughout the day with rain clearing later.
rain,2015-12-30,10.6,16.1,rain,Cloudy skies throughout the day with rain.
cloudy,2015-12-31,10.7,26.3,--,Cloudy skies throughout the day.
partly-cloudy-day,2016-01-01,5.6,20,--,Partly cloudy throughout the day.
clear-day,2016-01-02,4.4,16.2,--,Clear conditions throughout the day.
partly-cloudy-day,2016-01-03,4.4,30.9,--,Partly cloudy throughout the day.
partly-cloudy-day,2016-01-04,0.6,37.5,--,Partly cloudy throughout the day.
rain,2016-01-05,-4.4,37.6,snow,Clear conditions throughout the day with morning snow.
partly-cloudy-day,2016-01-06,-1,10.8,--,Partly cloudy throughout the day.
cloudy,2016-01-07,3.8,15.5,--,Cloudy skies throughout the day.
rain,2016-01-08,5.2,10.8,rain,Cloudy skies throughout the day with afternoon rain.
rain,2016-01-09,7.5,11.2,rain,Cloudy skies throughout the day with rain.
rain,2016-01-10,11.9,42.8,rain,Partly cloudy throughout the day with rain.
partly-cloudy-day,2016-01-11,0.9,29.7,--,Partly cloudy throughout the day.
partly-cloudy-day,2016-01-12,2.5,34.3,--,Partly cloudy throughout the day.
partly-cloudy-day,2016-01-13,-3.1,33.4,--,Becoming cloudy in the afternoon.
partly-cloudy-day,2016-01-14,3.4,25.3,--,Clearing in the afternoon.
rain,2016-01-15,6,15.6,rain,Partly cloudy throughout the day with late afternoon rain.
rain,2016-01-16,6.9,27.7,rain,Cloudy skies throughout the day with early morning rain.
rain,2016-01-17,2,15.6,"rain, snow",Partly cloudy throughout the day with afternoon rain or snow.
rain,2016-01-18,-5.2,39.8,snow,Partly cloudy throughout the day with early morning snow.
clear-day,2016-01-19,-6.4,37.3,--,Clear conditions throughout the day.
snow,2016-01-20,-4.2,23.4,snow,Partly cloudy throughout the day with late afternoon snow.
partly-cloudy-day,2016-01-21,-2.1,29.2,snow,Partly cloudy throughout the day.
snow,2016-01-22,-4.1,34.2,"rain, snow",Partly cloudy throughout the day with rain or snow.
snow,2016-01-23,-3.3,45.8,snow,Cloudy skies throughout the day with a chance of snow throughout the day.
snow,2016-01-24,-2.5,25.6,"rain, snow",Partly cloudy throughout the day with early morning snow or rain.
snow,2016-01-25,-2.2,10.2,"rain, snow",Partly cloudy throughout the day with rain or snow.
rain,2016-01-26,5.5,25,rain,Cloudy skies throughout the day with morning rain.
partly-cloudy-day,2016-01-27,4.6,25.4,--,Partly cloudy throughout the day.
partly-cloudy-day,2016-01-28,0.4,16.7,--,Partly cloudy throughout the day.
rain,2016-01-29,2,40.8,rain,Partly cloudy throughout the day with afternoon rain.
partly-cloudy-day,2016-01-30,1.4,23.7,"rain, snow",Becoming cloudy in the afternoon.
partly-cloudy-day,2016-01-31,7.4,22.3,--,Partly cloudy throughout the day.
rain,2016-02-01,9.8,25.9,rain,Partly cloudy throughout the day with rain.
partly-cloudy-day,2016-02-02,6.4,18.1,--,Becoming cloudy in the afternoon.
rain,2016-02-03,8.8,19.8,rain,Cloudy skies throughout the day with rain.
rain,2016-02-04,9.9,31.1,rain,Cloudy skies throughout the day with rain clearing later.
snow,2016-02-05,3.7,37.3,rain,Clearing in the afternoon with early morning snow or rain.
partly-cloudy-day,2016-02-06,2.2,17.7,--,Partly cloudy throughout the day.
partly-cloudy-day,2016-02-07,3.3,21.5,--,Partly cloudy throughout the day.
rain,2016-02-08,4.7,21.6,rain,Partly cloudy throughout the day with late afternoon rain.
snow,2016-02-09,2.6,25.5,rain,Cloudy skies throughout the day with a chance of rain or snow throughout the day.
partly-cloudy-day,2016-02-10,0,30.3,--,Partly cloudy throughout the day.
partly-cloudy-day,2016-02-11,-3.9,32.1,--,Partly cloudy throughout the day.
partly-cloudy-day,2016-02-12,-3.9,19.4,--,Partly cloudy throughout the day.
partly-cloudy-day,2016-02-13,-5.7,43.6,--,Partly cloudy throughout the day.
partly-cloudy-day,2016-02-14,-7.2,22.3,snow,Becoming cloudy in the afternoon.
snow,2016-02-15,-3.8,16.7,"rain, snow",Cloudy skies throughout the day with a chance of rain or snow throughout the day.
rain,2016-02-16,5.8,31.4,"rain, snow",Partly cloudy throughout the day with a chance of rain or snow throughout the day.
partly-cloudy-day,2016-02-17,4.3,25.4,--,Partly cloudy throughout the day.
partly-cloudy-day,2016-02-18,1.8,30.9,--,Partly cloudy throughout the day.
partly-cloudy-day,2016-02-19,1,25.4,--,Partly cloudy throughout the day.
partly-cloudy-day,2016-02-20,9.8,28.3,--,Partly cloudy throughout the day.
rain,2016-02-21,10.2,19.8,rain,Partly cloudy throughout the day with rain.
rain,2016-02-22,8.2,21.4,rain,Partly cloudy throughout the day with early morning rain.
rain,2016-02-23,6,23.5,rain,Cloudy skies throughout the day with rain.
rain,2016-02-24,10.8,33.1,rain,Cloudy skies throughout the day with a chance of rain throughout the day.
rain,2016-02-25,9.1,38.1,rain,Partly cloudy throughout the day with rain.
rain,2016-02-26,2.6,39.1,rain,Clearing in the afternoon with a chance of rain throughout the day.
partly-cloudy-day,2016-02-27,2.8,21.9,--,Partly cloudy throughout the day.
clear-day,2016-02-28,9.1,28.6,--,Clear conditions throughout the day.
rain,2016-02-29,13.7,36.7,rain,Partly cloudy throughout the day with afternoon rain.
rain,2016-03-01,11.6,29.4,rain,Becoming cloudy in the afternoon with rain.
rain,2016-03-02,6.3,55.3,rain,Partly cloudy throughout the day with rain clearing later.
partly-cloudy-day,2016-03-03,1.4,23.2,--,Partly cloudy throughout the day.
snow,2016-03-04,2.6,30,"rain, snow",Cloudy skies throughout the day with rain or snow clearing later.
partly-cloudy-day,2016-03-05,3.8,22.7,--,Partly cloudy throughout the day.
cloudy,2016-03-06,5.7,14.6,--,Cloudy skies throughout the day.
partly-cloudy-day,2016-03-07,9.6,28.5,--,Becoming cloudy in the afternoon.
partly-cloudy-day,2016-03-08,15.7,13.7,--,Partly cloudy throughout the day.
partly-cloudy-day,2016-03-09,16.8,19.9,--,Partly cloudy throughout the day.
partly-cloudy-day,2016-03-10,19.6,30.4,--,Partly cloudy throughout the day.
partly-cloudy-day,2016-03-11,19.2,33.9,--,Partly cloudy throughout the day.
partly-cloudy-day,2016-03-12,12.6,14.2,--,Partly cloudy throughout the day.
rain,2016-03-13,12.5,22.1,rain,Cloudy skies throughout the day with rain.
rain,2016-03-14,10.1,24.6,rain,Cloudy skies throughout the day with a chance of rain throughout the day.
rain,2016-03-15,11.6,16,rain,Partly cloudy throughout the day with rain clearing later.
rain,2016-03-16,15.6,18.3,rain,Partly cloudy throughout the day with late afternoon rain.
rain,2016-03-17,14.5,23.1,rain,Becoming cloudy in the afternoon with afternoon rain.
partly-cloudy-day,2016-03-18,14.6,34.3,--,Partly cloudy throughout the day.
rain,2016-03-19,6.9,26.5,rain,Partly cloudy throughout the day with rain.
rain,2016-03-20,4.4,21.4,rain,Cloudy skies throughout the day with late afternoon rain.
rain,2016-03-21,6.6,37.2,rain,Clearing in the afternoon with rain in the morning and afternoon.
partly-cloudy-day,2016-03-22,9.1,25.6,--,Partly cloudy throughout the day.
partly-cloudy-day,2016-03-23,16.3,29.2,--,Partly cloudy throughout the day.
partly-cloudy-day,2016-03-24,17.9,34.7,--,Partly cloudy throughout the day.
rain,2016-03-25,18.1,33.5,rain,Partly cloudy throughout the day with rain in the morning and afternoon.
partly-cloudy-day,2016-03-26,10.3,26.5,--,Becoming cloudy in the afternoon.
rain,2016-03-27,11.2,16.4,rain,Cloudy skies throughout the day with late afternoon rain.
rain,2016-03-28,13.3,45.9,rain,Clearing in the afternoon with a chance of rain throughout the day.
rain,2016-03-29,12,39.8,rain,Partly cloudy throughout the day with afternoon rain.
partly-cloudy-day,2016-03-30,10.7,29,--,Becoming cloudy in the afternoon.
rain,2016-03-31,17.7,40.3,rain,Partly cloudy throughout the day with afternoon rain.
rain,2016-04-01,22.2,34.5,rain,Partly cloudy throughout the day with rain in the morning and afternoon.
rain,2016-04-02,14.3,49.9,rain,Cloudy skies throughout the day with rain.
rain,2016-04-03,7.3,59.7,rain,Clearing in the afternoon with rain clearing later.
rain,2016-04-04,14.1,37.7,rain,Partly cloudy throughout the day with late afternoon rain.
partly-cloudy-day,2016-04-05,3.8,44.8,--,Partly cloudy throughout the day.
rain,2016-04-06,7.3,34.5,rain,Partly cloudy throughout the day with morning rain.
rain,2016-04-07,12.8,30.4,rain,Partly cloudy throughout the day with rain.
rain,2016-04-08,8.8,29.5,rain,Partly cloudy throughout the day with morning rain.
rain,2016-04-09,5.8,41.3,rain,Partly cloudy throughout the day with rain.
partly-cloudy-day,2016-04-10,5,27.3,--,Becoming cloudy in the afternoon.
rain,2016-04-11,14.7,39.6,rain,Partly cloudy throughout the day with morning rain.
rain,2016-04-12,16,32.8,rain,Partly cloudy throughout the day with rain clearing later.
clear-day,2016-04-13,10.1,21.6,--,Clear conditions throughout the day.
clear-day,2016-04-14,11.3,19.4,--,Clear conditions throughout the day.
clear-day,2016-04-15,12,12.6,--,Clear conditions throughout the day.
clear-day,2016-04-16,14.3,19.5,--,Clear conditions throughout the day.
clear-day,2016-04-17,15.1,19.1,--,Clear conditions throughout the day.
partly-cloudy-day,2016-04-18,19.9,22.3,--,Partly cloudy throughout the day.
partly-cloudy-day,2016-04-19,20.7,34,--,Partly cloudy throughout the day.
partly-cloudy-day,2016-04-20,16.1,25.8,--,Partly cloudy throughout the day.
partly-cloudy-day,2016-04-21,16.4,25.2,--,Partly cloudy throughout the day.
partly-cloudy-day,2016-04-22,20,21.9,--,Partly cloudy throughout the day.
rain,2016-04-23,17.8,27.9,rain,Partly cloudy throughout the day with rain in the morning and afternoon.
partly-cloudy-day,2016-04-24,14.1,22.9,--,Partly cloudy throughout the day.
partly-cloudy-day,2016-04-25,17.6,17.7,--,Partly cloudy throughout the day.
partly-cloudy-day,2016-04-26,24,35.8,--,Partly cloudy throughout the day.
rain,2016-04-27,14.7,29.7,rain,Cloudy skies throughout the day with a chance of rain throughout the day.
rain,2016-04-28,11.6,22.8,rain,Cloudy skies throughout the day with rain.
rain,2016-04-29,10.5,17.2,rain,Cloudy skies throughout the day with rain.
rain,2016-04-30,12.2,14.2,rain,Cloudy skies throughout the day with late afternoon rain.
rain,2016-05-01,12.7,16,rain,Cloudy skies throughout the day with a chance of rain throughout the day.
rain,2016-05-02,17,34.3,rain,Partly cloudy throughout the day with rain.
rain,2016-05-03,18.1,20,rain,Cloudy skies throughout the day with rain.
rain,2016-05-04,13.6,24,rain,Cloudy skies throughout the day with rain.
rain,2016-05-05,11.9,20.9,rain,Cloudy skies throughout the day with rain.
rain,2016-05-06,11.8,23,rain,Cloudy skies throughout the day with rain.
rain,2016-05-07,13.8,15.6,rain,Partly cloudy throughout the day with rain clearing later.
rain,2016-05-08,17.2,32.7,rain,Partly cloudy throughout the day with a chance of rain throughout the day.
rain,2016-05-09,14.1,19.9,rain,Partly cloudy throughout the day with rain in the morning and afternoon.
rain,2016-05-10,15.6,17.6,rain,Cloudy skies throughout the day with morning rain.
rain,2016-05-11,13.7,17.5,rain,Cloudy skies throughout the day with a chance of rain throughout the day.
cloudy,2016-05-12,16.3,14.3,--,Cloudy skies throughout the day.
rain,2016-05-13,19.6,25.3,rain,Partly cloudy throughout the day with rain in the morning and afternoon.
rain,2016-05-14,16.8,37.2,rain,Partly cloudy throughout the day with rain.
rain,2016-05-15,12.6,38.8,rain,Partly cloudy throughout the day with rain in the morning and afternoon.
partly-cloudy-day,2016-05-16,13.2,27,--,Clearing in the afternoon.
rain,2016-05-17,13.2,15.4,rain,Cloudy skies throughout the day with rain.
cloudy,2016-05-18,15.1,20,--,Cloudy skies throughout the day.
rain,2016-05-19,16.6,15.7,rain,Partly cloudy throughout the day with morning rain.
rain,2016-05-20,18.3,17.4,rain,Partly cloudy throughout the day with morning rain.
rain,2016-05-21,14.5,26.2,rain,Cloudy skies throughout the day with rain.
rain,2016-05-22,13.2,21.1,rain,Cloudy skies throughout the day with a chance of rain throughout the day.
rain,2016-05-23,17,22.9,rain,Cloudy skies throughout the day with a chance of rain throughout the day.
rain,2016-05-24,21.6,27.3,rain,Partly cloudy throughout the day with rain clearing later.
partly-cloudy-day,2016-05-25,22.8,14.4,--,Partly cloudy throughout the day.
partly-cloudy-day,2016-05-26,23.5,20,--,Partly cloudy throughout the day.
partly-cloudy-day,2016-05-27,25.5,21.6,--,Partly cloudy throughout the day.
partly-cloudy-day,2016-05-28,25.4,20.1,--,Partly cloudy throughout the day.
rain,2016-05-29,22.8,21,rain,Partly cloudy throughout the day with rain.
rain,2016-05-30,23,17.3,rain,Cloudy skies throughout the day with late afternoon rain.
partly-cloudy-day,2016-05-31,24.8,12.5,--,Partly cloudy throughout the day.
rain,2016-06-01,25.2,28.2,rain,Partly cloudy throughout the day with afternoon rain.
partly-cloudy-day,2016-06-02,23.1,14.6,--,Partly cloudy throughout the day.
rain,2016-06-03,23.5,12.8,rain,Cloudy skies throughout the day with rain.
cloudy,2016-06-04,24,21.2,--,Cloudy skies throughout the day.
rain,2016-06-05,24.3,28.6,rain,Cloudy skies throughout the day with rain.
rain,2016-06-06,25.1,20.2,rain,Partly cloudy throughout the day with rain clearing later.
partly-cloudy-day,2016-06-07,25,38.3,--,Becoming cloudy in the afternoon.
partly-cloudy-day,2016-06-08,20.2,37.6,--,Partly cloudy throughout the day.
rain,2016-06-09,21,25.8,rain,Partly cloudy throughout the day with morning rain.
partly-cloudy-day,2016-06-10,22.8,28.3,--,Partly cloudy throughout the day.
partly-cloudy-day,2016-06-11,26.5,30.6,--,Partly cloudy throughout the day.
partly-cloudy-day,2016-06-12,28.6,36.1,--,Partly cloudy throughout the day.
partly-cloudy-day,2016-06-13,22.5,26.3,--,Partly cloudy throughout the day.
partly-cloudy-day,2016-06-14,23.5,22.9,--,Partly cloudy throughout the day.
partly-cloudy-day,2016-06-15,23,20,--,Partly cloudy throughout the day.
rain,2016-06-16,24.7,39.4,rain,Cloudy skies throughout the day with rain.
rain,2016-06-17,22.6,25.1,rain,Partly cloudy throughout the day with rain clearing later.
partly-cloudy-day,2016-06-18,23.7,23.2,--,Clearing in the afternoon.
partly-cloudy-day,2016-06-19,25.1,22.8,--,Partly cloudy throughout the day.
partly-cloudy-day,2016-06-20,26.4,19.7,--,Becoming cloudy in the afternoon.
rain,2016-06-21,25.6,31.6,rain,Partly cloudy throughout the day with rain.
rain,2016-06-22,25.1,28.4,rain,Partly cloudy throughout the day with morning rain.
rain,2016-06-23,24,20,rain,Cloudy skies throughout the day with morning rain.
rain,2016-06-24,25,27.7,rain,Partly cloudy throughout the day with rain.
partly-cloudy-day,2016-06-25,24.9,17.3,--,Clearing in the afternoon.
partly-cloudy-day,2016-06-26,24.5,16.2,--,Partly cloudy throughout the day.
rain,2016-06-27,24.9,27,rain,Becoming cloudy in the afternoon with late afternoon rain.
rain,2016-06-28,25.1,17.8,rain,Partly cloudy throughout the day with rain.
partly-cloudy-day,2016-06-29,23.9,27,--,Partly cloudy throughout the day.
partly-cloudy-day,2016-06-30,23.8,20,--,Partly cloudy throughout the day.
rain,2016-07-01,25.4,20.8,rain,Partly cloudy throughout the day with late afternoon rain.
partly-cloudy-day,2016-07-02,24,25.2,--,Becoming cloudy in the afternoon.
rain,2016-07-03,21,15.3,rain,Cloudy skies throughout the day with a chance of rain throughout the day.
rain,2016-07-04,21.6,20.2,rain,Cloudy skies throughout the day with rain.
rain,2016-07-05,27.5,22.2,rain,Partly cloudy throughout the day with rain clearing later.
partly-cloudy-day,2016-07-06,29.1,11.4,--,Partly cloudy throughout the day.
partly-cloudy-day,2016-07-07,29.4,20.2,--,Partly cloudy throughout the day.
rain,2016-07-08,28.4,35.9,rain,Becoming cloudy in the afternoon with afternoon rain.
rain,2016-07-09,28.4,21.7,rain,Partly cloudy throughout the day with rain.
partly-cloudy-day,2016-07-10,26.5,26,--,Partly cloudy throughout the day.
partly-cloudy-day,2016-07-11,25.8,19.6,--,Partly cloudy throughout the day.
partly-cloudy-day,2016-07-12,26.2,21.6,--,Partly cloudy throughout the day.
rain,2016-07-13,27.5,19.6,rain,Partly cloudy throughout the day with rain.
partly-cloudy-day,2016-07-14,29.8,30.4,--,Becoming cloudy in the afternoon.
partly-cloudy-day,2016-07-15,29.3,23.2,--,Partly cloudy throughout the day.
rain,2016-07-16,27.3,27,rain,Partly cloudy throughout the day with late afternoon rain.
rain,2016-07-17,27,16.2,rain,Becoming cloudy in the afternoon with morning rain.
rain,2016-07-18,27.6,23.2,rain,Partly cloudy throughout the day with rain.
partly-cloudy-day,2016-07-19,27.4,28.3,--,Partly cloudy throughout the day.
rain,2016-07-20,25.6,17.5,rain,Becoming cloudy in the afternoon with rain clearing later.
partly-cloudy-day,2016-07-21,26.8,21.3,--,Becoming cloudy in the afternoon.
partly-cloudy-day,2016-07-22,28.6,24.9,--,Partly cloudy throughout the day.
partly-cloudy-day,2016-07-23,31.5,21.6,--,Becoming cloudy in the afternoon.
partly-cloudy-day,2016-07-24,31,17.7,--,Becoming cloudy in the afternoon.
rain,2016-07-25,31.8,28.1,rain,Partly cloudy throughout the day with late afternoon rain.
rain,2016-07-26,30.8,20,rain,Partly cloudy throughout the day with early morning rain.
rain,2016-07-27,30.6,15.3,rain,Partly cloudy throughout the day with morning rain.
rain,2016-07-28,28.9,24.9,rain,Partly cloudy throughout the day with rain.
rain,2016-07-29,27.4,21.6,rain,Partly cloudy throughout the day with rain clearing later.
rain,2016-07-30,27.3,30.2,rain,Partly cloudy throughout the day with rain.
rain,2016-07-31,27.3,23,rain,Partly cloudy throughout the day with rain.
partly-cloudy-day,2016-08-01,28.1,21,--,Partly cloudy throughout the day.
partly-cloudy-day,2016-08-02,27.4,21.7,--,Partly cloudy throughout the day.
partly-cloudy-day,2016-08-03,24.9,15.8,--,Partly cloudy throughout the day.
partly-cloudy-day,2016-08-04,25.1,14.2,--,Partly cloudy throughout the day.
partly-cloudy-day,2016-08-05,25.1,19.8,--,Partly cloudy throughout the day.
rain,2016-08-06,27.2,17.5,rain,Partly cloudy throughout the day with a chance of rain throughout the day.
partly-cloudy-day,2016-08-07,27.6,19.3,--,Becoming cloudy in the afternoon.
partly-cloudy-day,2016-08-08,25.6,28.7,--,Partly cloudy throughout the day.
partly-cloudy-day,2016-08-09,23.9,12.9,--,Partly cloudy throughout the day.
partly-cloudy-day,2016-08-10,29,31,--,Partly cloudy throughout the day.
partly-cloudy-day,2016-08-11,30.5,25.8,--,Partly cloudy throughout the day.
partly-cloudy-day,2016-08-12,31.2,26.8,--,Becoming cloudy in the afternoon.
partly-cloudy-day,2016-08-13,32,30.6,--,Partly cloudy throughout the day.
partly-cloudy-day,2016-08-14,32.1,26.8,--,Becoming cloudy in the afternoon.
rain,2016-08-15,28.8,22.2,rain,Partly cloudy throughout the day with late afternoon rain.
rain,2016-08-16,28.8,25.3,rain,Partly cloudy throughout the day with rain clearing later.
rain,2016-08-17,29.8,21.7,rain,Partly cloudy throughout the day with late afternoon rain.
rain,2016-08-18,27.7,18,rain,Partly cloudy throughout the day with rain clearing later.
partly-cloudy-day,2016-08-19,28.2,17.4,--,Partly cloudy throughout the day.
partly-cloudy-day,2016-08-20,28,18.2,--,Becoming cloudy in the afternoon.
rain,2016-08-21,26.3,23.5,rain,Partly cloudy throughout the day with rain.
partly-cloudy-day,2016-08-22,25.1,23.2,--,Partly cloudy throughout the day.
partly-cloudy-day,2016-08-23,24.1,15.6,--,Becoming cloudy in the afternoon.
partly-cloudy-day,2016-08-24,24.7,20.1,--,Partly cloudy throughout the day.
rain,2016-08-25,26.2,20,rain,Partly cloudy throughout the day with morning rain.
partly-cloudy-day,2016-08-26,29.9,20.9,--,Becoming cloudy in the afternoon.
partly-cloudy-day,2016-08-27,29.1,23.1,--,Partly cloudy throughout the day.
rain,2016-08-28,27,17.2,rain,Clearing in the afternoon with late afternoon rain.
partly-cloudy-day,2016-08-29,27.8,13.2,--,Partly cloudy throughout the day.
partly-cloudy-day,2016-08-30,27.6,19.3,--,Becoming cloudy in the afternoon.
partly-cloudy-day,2016-08-31,27.4,21.3,--,Partly cloudy throughout the day.
rain,2016-09-01,25.1,23.1,rain,Partly cloudy throughout the day with rain.
rain,2016-09-02,23.6,22.4,rain,Partly cloudy throughout the day with early morning rain.
rain,2016-09-03,23.6,36.7,rain,Partly cloudy throughout the day with afternoon rain.
partly-cloudy-day,2016-09-04,23.6,21.9,--,Partly cloudy throughout the day.
partly-cloudy-day,2016-09-05,24.4,19.8,--,Becoming cloudy in the afternoon.
partly-cloudy-day,2016-09-06,27.6,34.1,--,Partly cloudy throughout the day.
rain,2016-09-07,27.3,19.1,rain,Partly cloudy throughout the day with late afternoon rain.
rain,2016-09-08,29.1,24.5,rain,Partly cloudy throughout the day with early morning rain.
partly-cloudy-day,2016-09-09,29.9,18.1,--,Partly cloudy throughout the day.
partly-cloudy-day,2016-09-10,29.2,25.4,--,Partly cloudy throughout the day.
partly-cloudy-day,2016-09-11,27.1,30.7,--,Partly cloudy throughout the day.
partly-cloudy-day,2016-09-12,23.7,15.6,--,Partly cloudy throughout the day.
partly-cloudy-day,2016-09-13,25.4,23,--,Clearing in the afternoon.
partly-cloudy-day,2016-09-14,27.1,17.7,--,Partly cloudy throughout the day.
partly-cloudy-day,2016-09-15,23,26,--,Partly cloudy throughout the day.
partly-cloudy-day,2016-09-16,21.8,19.4,--,Partly cloudy throughout the day.
cloudy,2016-09-17,23.6,17.8,--,Cloudy skies throughout the day.
partly-cloudy-day,2016-09-18,25.8,23.3,--,Partly cloudy throughout the day.
rain,2016-09-19,24,20.1,rain,Cloudy skies throughout the day with a chance of rain throughout the day.
cloudy,2016-09-20,23.6,19.6,--,Cloudy skies throughout the day.
cloudy,2016-09-21,24.9,16.2,--,Cloudy skies throughout the day.
partly-cloudy-day,2016-09-22,24.7,15.9,--,Partly cloudy throughout the day.
partly-cloudy-day,2016-09-23,24.5,14.2,--,Partly cloudy throughout the day.
partly-cloudy-day,2016-09-24,22.1,21.5,--,Partly cloudy throughout the day.
partly-cloudy-day,2016-09-25,18.9,19.2,--,Becoming cloudy in the afternoon.
rain,2016-09-26,19.7,22.6,rain,Cloudy skies throughout the day with late afternoon rain.
rain,2016-09-27,20.5,14.4,rain,Partly cloudy throughout the day with rain clearing later.
rain,2016-09-28,19.7,21.5,rain,Partly cloudy throughout the day with rain.
rain,2016-09-29,20.3,38.1,rain,Cloudy skies throughout the day with a chance of rain throughout the day.
rain,2016-09-30,17.9,26.8,rain,Cloudy skies throughout the day with a chance of rain throughout the day.
rain,2016-10-01,18.3,21.7,rain,Cloudy skies throughout the day with a chance of rain throughout the day.
rain,2016-10-02,20.3,10.6,rain,Partly cloudy throughout the day with early morning rain.
partly-cloudy-day,2016-10-03,20.9,21,--,Clearing in the afternoon.
partly-cloudy-day,2016-10-04,18.4,24.2,--,Partly cloudy throughout the day.
partly-cloudy-day,2016-10-05,17.8,23,--,Partly cloudy throughout the day.
partly-cloudy-day,2016-10-06,18,17.6,--,Partly cloudy throughout the day.
partly-cloudy-day,2016-10-07,19.2,19.1,--,Partly cloudy throughout the day.
rain,2016-10-08,18.9,21.4,rain,Cloudy skies throughout the day with rain.
rain,2016-10-09,16.4,50.2,rain,Clearing in the afternoon with a chance of rain throughout the day.
clear-day,2016-10-10,13.8,28.3,--,Clear conditions throughout the day.
partly-cloudy-day,2016-10-11,13.4,13.4,--,Partly cloudy throughout the day.
partly-cloudy-day,2016-10-12,15.1,10.9,--,Partly cloudy throughout the day.
rain,2016-10-13,16.5,23.2,rain,Partly cloudy throughout the day with morning rain.
partly-cloudy-day,2016-10-14,14,23.2,--,Becoming cloudy in the afternoon.
partly-cloudy-day,2016-10-15,14.6,17.5,--,Partly cloudy throughout the day.
partly-cloudy-day,2016-10-16,16.7,21.9,--,Clearing in the afternoon.
partly-cloudy-day,2016-10-17,20.3,17.1,--,Partly cloudy throughout the day.
clear-day,2016-10-18,21.4,17.8,--,Clear conditions throughout the day.
partly-cloudy-day,2016-10-19,23.4,16,--,Partly cloudy throughout the day.
rain,2016-10-20,23.6,21.6,rain,Partly cloudy throughout the day with early morning rain.
rain,2016-10-21,19.9,27.9,rain,Partly cloudy throughout the day with afternoon rain.
rain,2016-10-22,13.2,40.2,rain,Partly cloudy throughout the day with rain in the morning and afternoon.
partly-cloudy-day,2016-10-23,13.7,27,--,Becoming cloudy in the afternoon.
partly-cloudy-day,2016-10-24,16.2,30.5,--,Partly cloudy throughout the day.
clear-day,2016-10-25,12.4,32.6,--,Clear conditions throughout the day.
partly-cloudy-day,2016-10-26,10.2,15.7,--,Partly cloudy throughout the day.
rain,2016-10-27,13.6,20,rain,Partly cloudy throughout the day with rain.
partly-cloudy-day,2016-10-28,13.6,41,--,Partly cloudy throughout the day.
partly-cloudy-day,2016-10-29,14.7,23,--,Becoming cloudy in the afternoon.
rain,2016-10-30,19.2,26.9,rain,Partly cloudy throughout the day with rain.
partly-cloudy-day,2016-10-31,13.5,26.7,--,Partly cloudy throughout the day.
cloudy,2016-11-01,12.4,16.4,--,Cloudy skies throughout the day.
rain,2016-11-02,16.2,12.8,rain,Partly cloudy throughout the day with morning rain.
rain,2016-11-03,19.9,26.2,rain,Partly cloudy throughout the day with morning rain.
partly-cloudy-day,2016-11-04,15.3,25.1,--,Partly cloudy throughout the day.
clear-day,2016-11-05,12.9,16.2,--,Clear conditions throughout the day.
partly-cloudy-day,2016-11-06,14.6,29.3,--,Partly cloudy throughout the day.
clear-day,2016-11-07,10.5,19.1,--,Clear conditions throughout the day.
rain,2016-11-08,11.7,17.6,rain,Becoming cloudy in the afternoon with afternoon rain.
rain,2016-11-09,13.7,32.3,rain,Cloudy skies throughout the day with rain in the morning and afternoon.
partly-cloudy-day,2016-11-10,11.4,30.6,--,Partly cloudy throughout the day.
partly-cloudy-day,2016-11-11,13.1,36.8,--,Partly cloudy throughout the day.
partly-cloudy-day,2016-11-12,7,27.9,--,Partly cloudy throughout the day.
clear-day,2016-11-13,8,14.3,--,Clear conditions throughout the day.
partly-cloudy-day,2016-11-14,8.8,12.4,--,Partly cloudy throughout the day.
partly-cloudy-day,2016-11-15,12.4,16.3,--,Partly cloudy throughout the day.
rain,2016-11-16,11.5,21.7,rain,Partly cloudy throughout the day with afternoon rain.
clear-day,2016-11-17,11.6,22.5,--,Clear conditions throughout the day.
clear-day,2016-11-18,12.1,10.9,--,Clear conditions throughout the day.
rain,2016-11-19,11,49.2,rain,Becoming cloudy in the afternoon with rain.
rain,2016-11-20,5.1,47.4,rain,Partly cloudy throughout the day with rain.
partly-cloudy-day,2016-11-21,4.1,33.5,--,Clearing in the afternoon.
partly-cloudy-day,2016-11-22,5.1,30.5,--,Becoming cloudy in the afternoon.
partly-cloudy-day,2016-11-23,6.1,13.9,--,Becoming cloudy in the afternoon.
partly-cloudy-day,2016-11-24,9.5,9.1,--,Partly cloudy throughout the day.
cloudy,2016-11-25,9.9,12.9,--,Cloudy skies throughout the day.
partly-cloudy-day,2016-11-26,8.4,31.1,--,Partly cloudy throughout the day.
partly-cloudy-day,2016-11-27,7.2,22.6,--,Partly cloudy throughout the day.
partly-cloudy-day,2016-11-28,6.9,20,--,Partly cloudy throughout the day.
rain,2016-11-29,12.7,24.3,rain,Cloudy skies throughout the day with a chance of rain throughout the day.
rain,2016-11-30,16,19.6,rain,Cloudy skies throughout the day with rain.
rain,2016-12-01,12.2,28.9,rain,Partly cloudy throughout the day with early morning rain.
partly-cloudy-day,2016-12-02,8.6,30.6,--,Partly cloudy throughout the day.
partly-cloudy-day,2016-12-03,7.4,29.3,--,Becoming cloudy in the afternoon.
rain,2016-12-04,5.9,19.6,rain,Partly cloudy throughout the day with late afternoon rain.
rain,2016-12-05,8.2,21.7,rain,Partly cloudy throughout the day with early morning rain.
rain,2016-12-06,6.5,26.9,rain,Cloudy skies throughout the day with rain.
partly-cloudy-day,2016-12-07,7.5,23.2,--,Partly cloudy throughout the day.
partly-cloudy-day,2016-12-08,5.5,31.2,--,Partly cloudy throughout the day.
clear-day,2016-12-09,1.1,29.4,--,Clear conditions throughout the day.
partly-cloudy-day,2016-12-10,0.4,25.7,--,Partly cloudy throughout the day.
cloudy,2016-12-11,1.5,23.5,--,Cloudy skies throughout the day.
rain,2016-12-12,8.1,25.6,rain,Partly cloudy throughout the day with rain clearing later.
cloudy,2016-12-13,5.9,16.6,--,Cloudy skies throughout the day.
partly-cloudy-day,2016-12-14,5.5,23.9,--,Partly cloudy throughout the day.
rain,2016-12-15,-2.5,49.5,"rain, snow",Partly cloudy throughout the day with rain or snow in the morning and afternoon.
partly-cloudy-day,2016-12-16,-5,21.2,--,Partly cloudy throughout the day.
snow,2016-12-17,1.2,26.9,"rain, snow",Partly cloudy throughout the day with rain or snow in the morning and afternoon.
rain,2016-12-18,10.1,59.1,rain,Partly cloudy throughout the day with rain.
partly-cloudy-day,2016-12-19,0.9,25.3,--,Partly cloudy throughout the day.
partly-cloudy-day,2016-12-20,-0.5,12.4,--,Partly cloudy throughout the day.
partly-cloudy-day,2016-12-21,3.2,13.8,--,Partly cloudy throughout the day.
rain,2016-12-22,7.2,39.7,rain,Clearing in the afternoon with late afternoon rain.
partly-cloudy-day,2016-12-23,3.9,21.2,--,Partly cloudy throughout the day.
rain,2016-12-24,6,20.5,rain,Partly cloudy throughout the day with a chance of rain throughout the day.
partly-cloudy-day,2016-12-25,5.6,12.9,--,Partly cloudy throughout the day.
cloudy,2016-12-26,5.9,22.1,--,Cloudy skies throughout the day.
partly-cloudy-day,2016-12-27,14.2,31.4,--,Partly cloudy throughout the day.
clear-day,2016-12-28,7.3,31,--,Clear conditions throughout the day.
rain,2016-12-29,5.6,24.3,rain,Partly cloudy throughout the day with rain clearing later.
rain,2016-12-30,3.5,43.2,rain,Partly cloudy throughout the day with afternoon rain.
partly-cloudy-day,2016-12-31,4.1,41,--,Partly cloudy throughout the day.
partly-cloudy-day,2017-01-01,7.8,20.4,--,Partly cloudy throughout the day.
rain,2017-01-02,6.3,18,rain,Cloudy skies throughout the day with a chance of rain throughout the day.
rain,2017-01-03,6.8,14.6,rain,Cloudy skies throughout the day with a chance of rain throughout the day.
rain,2017-01-04,8.5,25.7,rain,Partly cloudy throughout the day with rain.
partly-cloudy-day,2017-01-05,1.1,18,--,Partly cloudy throughout the day.
partly-cloudy-day,2017-01-06,-0.3,25.2,"rain, snow",Partly cloudy throughout the day.
snow,2017-01-07,-4.7,36.5,snow,Partly cloudy throughout the day with afternoon snow.
clear-day,2017-01-08,-6.8,36.5,--,Clear conditions throughout the day.
partly-cloudy-day,2017-01-09,-6,23.4,--,Partly cloudy throughout the day.
partly-cloudy-day,2017-01-10,-0.9,36.8,--,Partly cloudy throughout the day.
rain,2017-01-11,7.5,28.7,rain,Partly cloudy throughout the day with rain.
rain,2017-01-12,16.2,44.9,rain,Partly cloudy throughout the day with a chance of rain throughout the day.
partly-cloudy-day,2017-01-13,11.7,34.3,--,Partly cloudy throughout the day.
snow,2017-01-14,2.6,17.2,"rain, snow",Cloudy skies throughout the day with a chance of rain or snow throughout the day.
partly-cloudy-day,2017-01-15,5.1,16.6,--,Partly cloudy throughout the day.
rain,2017-01-16,5.2,14.6,rain,Cloudy skies throughout the day with late afternoon rain.
rain,2017-01-17,7.3,21.3,rain,Partly cloudy throughout the day with a chance of rain throughout the day.
rain,2017-01-18,10.5,30.2,rain,Partly cloudy throughout the day with morning rain.
partly-cloudy-day,2017-01-19,8.2,19.8,--,Partly cloudy throughout the day.
rain,2017-01-20,6.8,14.6,rain,Partly cloudy throughout the day with afternoon rain.
rain,2017-01-21,9,12.4,rain,Partly cloudy throughout the day with rain.
rain,2017-01-22,9.3,21.6,rain,Cloudy skies throughout the day with rain.
rain,2017-01-23,7,50.9,rain,Cloudy skies throughout the day with a chance of rain throughout the day.
rain,2017-01-24,6.5,35.3,rain,Partly cloudy throughout the day with rain.
rain,2017-01-25,10.5,25.5,rain,Clear conditions throughout the day with morning rain.
rain,2017-01-26,10.5,47.1,rain,Partly cloudy throughout the day with rain.
rain,2017-01-27,5.3,33.1,rain,Partly cloudy throughout the day with morning rain.
partly-cloudy-day,2017-01-28,4.3,28.5,--,Partly cloudy throughout the day.
partly-cloudy-day,2017-01-29,4.5,19.2,--,Partly cloudy throughout the day.
rain,2017-01-30,1.5,29.2,"rain, snow",Partly cloudy throughout the day with a chance of rain or snow throughout the day.
partly-cloudy-day,2017-01-31,5.3,26.8,--,Partly cloudy throughout the day.
partly-cloudy-day,2017-02-01,5.8,17,--,Partly cloudy throughout the day.
partly-cloudy-day,2017-02-02,6.5,27,--,Partly cloudy throughout the day.
partly-cloudy-day,2017-02-03,2,29.3,--,Partly cloudy throughout the day.
partly-cloudy-day,2017-02-04,0.1,28.7,--,Partly cloudy throughout the day.
partly-cloudy-day,2017-02-05,5.2,24.6,--,Partly cloudy throughout the day.
partly-cloudy-day,2017-02-06,7.6,19.6,--,Partly cloudy throughout the day.
partly-cloudy-day,2017-02-07,14.8,31.3,--,Partly cloudy throughout the day.
rain,2017-02-08,16.6,29,rain,Partly cloudy throughout the day with late afternoon rain.
rain,2017-02-09,3,52.4,"rain, snow",Partly cloudy throughout the day with a chance of rain or snow throughout the day.
partly-cloudy-day,2017-02-10,-0.5,32.9,--,Partly cloudy throughout the day.
partly-cloudy-day,2017-02-11,7.1,21.9,--,Partly cloudy throughout the day.
rain,2017-02-12,9.4,32.5,rain,Partly cloudy throughout the day with afternoon rain.
rain,2017-02-13,5.4,52.4,rain,Partly cloudy throughout the day with rain.
rain,2017-02-14,3.8,27.6,"rain, snow",Partly cloudy throughout the day with rain or snow in the morning and afternoon.
rain,2017-02-15,5.6,44.1,rain,Partly cloudy throughout the day with afternoon rain.
rain,2017-02-16,2.2,33.4,"rain, snow",Partly cloudy throughout the day with rain or snow in the morning and afternoon.
partly-cloudy-day,2017-02-17,3.4,12.2,--,Clearing in the afternoon.
partly-cloudy-day,2017-02-18,9.3,18,--,Becoming cloudy in the afternoon.
rain,2017-02-19,16.4,27.1,rain,Clearing in the afternoon with rain clearing later.
partly-cloudy-day,2017-02-20,13.1,27.2,--,Partly cloudy throughout the day.
partly-cloudy-day,2017-02-21,9.3,18.3,--,Partly cloudy throughout the day.
partly-cloudy-day,2017-02-22,11.1,16.2,--,Partly cloudy throughout the day.
partly-cloudy-day,2017-02-23,16.4,26.7,--,Clearing in the afternoon.
partly-cloudy-day,2017-02-24,17.6,25.4,--,Partly cloudy throughout the day.
rain,2017-02-25,15.8,36.1,rain,Partly cloudy throughout the day with afternoon rain.
partly-cloudy-day,2017-02-26,5.7,32.6,--,Partly cloudy throughout the day.
partly-cloudy-day,2017-02-27,7.9,20.1,--,Partly cloudy throughout the day.
rain,2017-02-28,13.5,14.9,rain,Partly cloudy throughout the day with late afternoon rain.
rain,2017-03-01,17.8,42.9,rain,Partly cloudy throughout the day with rain.
rain,2017-03-02,9.7,43.4,rain,Partly cloudy throughout the day with a chance of rain throughout the day.
rain,2017-03-03,3.4,44.4,rain,Partly cloudy throughout the day with afternoon rain.
clear-day,2017-03-04,1.4,34.1,--,Partly cloudy throughout the day.
partly-cloudy-day,2017-03-05,-0.3,23.1,--,Partly cloudy throughout the day.
partly-cloudy-day,2017-03-06,6.2,15.6,--,Partly cloudy throughout the day.
rain,2017-03-07,14.3,41.7,rain,Partly cloudy throughout the day with late afternoon rain.
rain,2017-03-08,15.2,33,rain,Partly cloudy throughout the day with rain clearing later.
partly-cloudy-day,2017-03-09,15.7,26.3,--,Partly cloudy throughout the day.
rain,2017-03-10,6.4,38.2,rain,Partly cloudy throughout the day with rain in the morning and afternoon.
partly-cloudy-day,2017-03-11,0.2,36.9,--,Clearing in the afternoon.
partly-cloudy-day,2017-03-12,0.8,27.2,--,Clearing in the afternoon.
snow,2017-03-13,1.4,24.4,"rain, snow",Partly cloudy throughout the day with rain or snow.
snow,2017-03-14,1,45.5,"rain, snow",Partly cloudy throughout the day with a chance of rain or snow throughout the day.
rain,2017-03-15,-2.5,42.4,"rain, snow",Partly cloudy throughout the day with rain or snow.
partly-cloudy-day,2017-03-16,1,29.4,--,Partly cloudy throughout the day.
partly-cloudy-day,2017-03-17,4.6,18,--,Partly cloudy throughout the day.
rain,2017-03-18,8,23.3,rain,Clearing in the afternoon with rain.
snow,2017-03-19,6.4,31,rain,Partly cloudy throughout the day with rain or snow clearing later.
partly-cloudy-day,2017-03-20,8.1,19.7,--,Becoming cloudy in the afternoon.
rain,2017-03-21,11.7,18.4,rain,Partly cloudy throughout the day with early morning rain.
rain,2017-03-22,8.7,38.9,rain,Clearing in the afternoon with morning rain.
clear-day,2017-03-23,3.4,21,--,Clear conditions throughout the day.
rain,2017-03-24,8.2,32.6,rain,Partly cloudy throughout the day with rain in the morning and afternoon.
partly-cloudy-day,2017-03-25,18.3,20.2,--,Partly cloudy throughout the day.
cloudy,2017-03-26,9.9,33.2,--,Cloudy skies throughout the day.
rain,2017-03-27,14,21.1,rain,Partly cloudy throughout the day with early morning rain.
rain,2017-03-28,18.4,21.4,rain,Partly cloudy throughout the day with rain.
partly-cloudy-day,2017-03-29,15.8,23.3,--,Clearing in the afternoon.
partly-cloudy-day,2017-03-30,10.3,20.8,--,Partly cloudy throughout the day.
rain,2017-03-31,8.9,20,rain,Cloudy skies throughout the day with rain.
rain,2017-04-01,11.4,36,rain,Partly cloudy throughout the day with early morning rain.
partly-cloudy-day,2017-04-02,12.6,29,--,Becoming cloudy in the afternoon.
rain,2017-04-03,14.3,26.5,rain,Partly cloudy throughout the day with late afternoon rain.
partly-cloudy-day,2017-04-04,20.8,28.8,--,Partly cloudy throughout the day.
partly-cloudy-day,2017-04-05,19,22.8,--,Partly cloudy throughout the day.
rain,2017-04-06,13.9,39.2,rain,Partly cloudy throughout the day with rain.
rain,2017-04-07,8.7,39,rain,Partly cloudy throughout the day with rain in the morning and afternoon.
partly-cloudy-day,2017-04-08,10.8,27.5,--,Becoming cloudy in the afternoon.
partly-cloudy-day,2017-04-09,13.7,21.2,--,Partly cloudy throughout the day.
rain,2017-04-10,18.5,25.9,rain,Partly cloudy throughout the day with afternoon rain.
partly-cloudy-day,2017-04-11,21.5,20,--,Partly cloudy throughout the day.
partly-cloudy-day,2017-04-12,21.4,25.1,--,Partly cloudy throughout the day.
partly-cloudy-day,2017-04-13,17,17.7,--,Partly cloudy throughout the day.
rain,2017-04-14,16.5,17.7,rain,Clearing in the afternoon with morning rain.
partly-cloudy-day,2017-04-15,17.9,14.6,--,Partly cloudy throughout the day.
rain,2017-04-16,24.4,34.3,rain,Partly cloudy throughout the day with late afternoon rain.
rain,2017-04-17,20.1,24.4,rain,Partly cloudy throughout the day with rain in the morning and afternoon.
partly-cloudy-day,2017-04-18,17.5,26.9,--,Partly cloudy throughout the day.
partly-cloudy-day,2017-04-19,14.3,21.4,--,Partly cloudy throughout the day.
rain,2017-04-20,19.6,18,rain,Partly cloudy throughout the day with rain.
rain,2017-04-21,21,18.2,rain,Partly cloudy throughout the day with rain.
rain,2017-04-22,14.7,23.8,rain,Partly cloudy throughout the day with a chance of rain throughout the day.
partly-cloudy-day,2017-04-23,12.5,20.8,--,Partly cloudy throughout the day.
rain,2017-04-24,12.7,30.5,rain,Partly cloudy throughout the day with rain.
rain,2017-04-25,14.2,34.4,rain,Cloudy skies throughout the day with a chance of rain throughout the day.
rain,2017-04-26,17.2,16,rain,Partly cloudy throughout the day with a chance of rain throughout the day.
partly-cloudy-day,2017-04-27,21.1,23.8,--,Partly cloudy throughout the day.
partly-cloudy-day,2017-04-28,23.6,21.4,--,Partly cloudy throughout the day.
partly-cloudy-day,2017-04-29,26,25.4,--,Partly cloudy throughout the day.
partly-cloudy-day,2017-04-30,25.5,32,--,Partly cloudy throughout the day.
rain,2017-05-01,23.5,34.6,rain,Partly cloudy throughout the day with late afternoon rain.
partly-cloudy-day,2017-05-02,22.8,32.6,--,Partly cloudy throughout the day.
rain,2017-05-03,17.2,38.1,rain,Becoming cloudy in the afternoon with morning rain.
rain,2017-05-04,15.4,30.6,rain,Partly cloudy throughout the day with late afternoon rain.
rain,2017-05-05,18.9,35.9,rain,Partly cloudy throughout the day with rain.
rain,2017-05-06,14,30.7,rain,Partly cloudy throughout the day with a chance of rain throughout the day.
rain,2017-05-07,12.9,35.1,rain,Partly cloudy throughout the day with morning rain.
partly-cloudy-day,2017-05-08,13.4,27.9,--,Becoming cloudy in the afternoon.
partly-cloudy-day,2017-05-09,13.6,20.2,--,Partly cloudy throughout the day.
partly-cloudy-day,2017-05-10,16.7,17.6,--,Partly cloudy throughout the day.
rain,2017-05-11,13.7,23.5,rain,Partly cloudy throughout the day with rain.
rain,2017-05-12,12.2,18.1,rain,Partly cloudy throughout the day with rain.
rain,2017-05-13,12.3,25.7,rain,Partly cloudy throughout the day with rain clearing later.
rain,2017-05-14,18.1,39.2,rain,Partly cloudy throughout the day with rain.
rain,2017-05-15,18.7,37.4,rain,Partly cloudy throughout the day with early morning rain.
partly-cloudy-day,2017-05-16,19.7,20.1,--,Partly cloudy throughout the day.
partly-cloudy-day,2017-05-17,24.1,23,--,Partly cloudy throughout the day.
rain,2017-05-18,25.7,27.7,rain,Clearing in the afternoon with late afternoon rain.
rain,2017-05-19,26,23.3,rain,Becoming cloudy in the afternoon with late afternoon rain.
partly-cloudy-day,2017-05-20,20.9,23,--,Partly cloudy throughout the day.
cloudy,2017-05-21,17.3,19.6,--,Cloudy skies throughout the day.
rain,2017-05-22,18,12.1,rain,Partly cloudy throughout the day with rain clearing later.
rain,2017-05-23,17.6,17.5,rain,Partly cloudy throughout the day with late afternoon rain.
rain,2017-05-24,16.7,20.2,rain,Partly cloudy throughout the day with rain.
rain,2017-05-25,17.3,41.4,rain,Partly cloudy throughout the day with rain.
rain,2017-05-26,19.9,30.7,rain,Partly cloudy throughout the day with rain.
rain,2017-05-27,19.7,10.8,rain,Partly cloudy throughout the day with rain.
rain,2017-05-28,19.3,16,rain,Partly cloudy throughout the day with afternoon rain.
partly-cloudy-day,2017-05-29,22,23,--,Partly cloudy throughout the day.
rain,2017-05-30,19.2,22.9,rain,Cloudy skies throughout the day with rain.
rain,2017-05-31,21.3,20.4,rain,Partly cloudy throughout the day with rain.
rain,2017-06-01,23.1,24.8,rain,Partly cloudy throughout the day with rain clearing later.
rain,2017-06-02,23.1,35.7,rain,Partly cloudy throughout the day with morning rain.
partly-cloudy-day,2017-06-03,22.7,23.8,--,Partly cloudy throughout the day.
partly-cloudy-day,2017-06-04,23.6,23.4,--,Partly cloudy throughout the day.
rain,2017-06-05,23.1,24.2,rain,Partly cloudy throughout the day with afternoon rain.
partly-cloudy-day,2017-06-06,22,30.5,--,Partly cloudy throughout the day.
partly-cloudy-day,2017-06-07,18.1,21.6,--,Partly cloudy throughout the day.
partly-cloudy-day,2017-06-08,18.5,19.4,--,Partly cloudy throughout the day.
partly-cloudy-day,2017-06-09,22.2,20.2,--,Partly cloudy throughout the day.
partly-cloudy-day,2017-06-10,24.7,21,--,Clearing in the afternoon.
partly-cloudy-day,2017-06-11,27.6,22.3,--,Partly cloudy throughout the day.
partly-cloudy-day,2017-06-12,28.7,21.3,--,Partly cloudy throughout the day.
partly-cloudy-day,2017-06-13,29.1,22,--,Becoming cloudy in the afternoon.
partly-cloudy-day,2017-06-14,28.4,23.7,--,Becoming cloudy in the afternoon.
partly-cloudy-day,2017-06-15,25.4,21.6,--,Partly cloudy throughout the day.
rain,2017-06-16,24.6,15.7,rain,Partly cloudy throughout the day with late afternoon rain.
rain,2017-06-17,25.8,23.4,rain,Partly cloudy throughout the day with rain.
partly-cloudy-day,2017-06-18,28.3,32.5,--,Partly cloudy throughout the day.
rain,2017-06-19,26.8,37.6,rain,Partly cloudy throughout the day with rain.
partly-cloudy-day,2017-06-20,25.8,27.3,--,Partly cloudy throughout the day.
partly-cloudy-day,2017-06-21,26.6,24.4,--,Partly cloudy throughout the day.
partly-cloudy-day,2017-06-22,27.9,19.9,--,Partly cloudy throughout the day.
rain,2017-06-23,27.5,37.6,rain,Partly cloudy throughout the day with rain in the morning and afternoon.
rain,2017-06-24,27.8,38.2,rain,Partly cloudy throughout the day with rain clearing later.
partly-cloudy-day,2017-06-25,26.3,28.7,--,Partly cloudy throughout the day.
partly-cloudy-day,2017-06-26,24.7,20.8,--,Partly cloudy throughout the day.
rain,2017-06-27,23.6,23.5,rain,Partly cloudy throughout the day with afternoon rain.
partly-cloudy-day,2017-06-28,22.5,24.2,--,Partly cloudy throughout the day.
rain,2017-06-29,25.5,30.3,rain,Partly cloudy throughout the day with morning rain.
rain,2017-06-30,28,34.3,rain,Partly cloudy throughout the day with rain in the morning and afternoon.
rain,2017-07-01,27.6,26.8,rain,Partly cloudy throughout the day with afternoon rain.
partly-cloudy-day,2017-07-02,28.4,21.2,--,Partly cloudy throughout the day.
partly-cloudy-day,2017-07-03,28.9,20,--,Partly cloudy throughout the day.
rain,2017-07-04,27.9,20.1,rain,Partly cloudy throughout the day with late afternoon rain.
rain,2017-07-05,25.7,22.9,rain,Partly cloudy throughout the day with late afternoon rain.
rain,2017-07-06,24.6,17.2,rain,Partly cloudy throughout the day with a chance of rain throughout the day.
rain,2017-07-07,26.8,29.1,rain,Partly cloudy throughout the day with rain.
partly-cloudy-day,2017-07-08,26.8,23.8,--,Partly cloudy throughout the day.
partly-cloudy-day,2017-07-09,25.5,19.6,--,Partly cloudy throughout the day.
partly-cloudy-day,2017-07-10,27,22.6,--,Partly cloudy throughout the day.
partly-cloudy-day,2017-07-11,28.3,23.6,--,Partly cloudy throughout the day.
partly-cloudy-day,2017-07-12,30,20,--,Partly cloudy throughout the day.
partly-cloudy-day,2017-07-13,30.8,23.6,--,Partly cloudy throughout the day.
rain,2017-07-14,28.4,56,rain,Partly cloudy throughout the day with late afternoon rain.
partly-cloudy-day,2017-07-15,27.6,23.9,--,Partly cloudy throughout the day.
partly-cloudy-day,2017-07-16,26.8,16,--,Becoming cloudy in the afternoon.
partly-cloudy-day,2017-07-17,27.8,24.7,--,Partly cloudy throughout the day.
rain,2017-07-18,28.1,23.1,rain,Becoming cloudy in the afternoon with late afternoon rain.
partly-cloudy-day,2017-07-19,29.8,17.4,--,Becoming cloudy in the afternoon.
partly-cloudy-day,2017-07-20,31.3,16.1,--,Partly cloudy throughout the day.
partly-cloudy-day,2017-07-21,31.6,17.8,--,Partly cloudy throughout the day.
rain,2017-07-22,28,39.4,rain,Partly cloudy throughout the day with rain.
rain,2017-07-23,26.1,24.8,rain,Partly cloudy throughout the day with rain.
rain,2017-07-24,27.8,24.4,rain,Partly cloudy throughout the day with rain.
rain,2017-07-25,25,24.4,rain,Partly cloudy throughout the day with rain in the morning and afternoon.
rain,2017-07-26,24.9,20.9,rain,Partly cloudy throughout the day with morning rain.
partly-cloudy-day,2017-07-27,25.9,19,--,Partly cloudy throughout the day.
rain,2017-07-28,24.6,19.9,rain,Partly cloudy throughout the day with rain.
rain,2017-07-29,22.5,35.9,rain,Partly cloudy throughout the day with a chance of rain throughout the day.
partly-cloudy-day,2017-07-30,23.1,23.1,--,Partly cloudy throughout the day.
partly-cloudy-day,2017-07-31,25.3,15.3,--,Partly cloudy throughout the day.
partly-cloudy-day,2017-08-01,26.3,31.9,--,Partly cloudy throughout the day.
partly-cloudy-day,2017-08-02,27,24.5,--,Partly cloudy throughout the day.
rain,2017-08-03,26,25.8,rain,Partly cloudy throughout the day with late afternoon rain.
partly-cloudy-day,2017-08-04,27.1,25.2,--,Partly cloudy throughout the day.
partly-cloudy-day,2017-08-05,25,37.9,--,Partly cloudy throughout the day.
partly-cloudy-day,2017-08-06,23.7,14.2,--,Partly cloudy throughout the day.
rain,2017-08-07,22.4,18.4,rain,Partly cloudy throughout the day with a chance of rain throughout the day.
rain,2017-08-08,23.3,19.9,rain,Partly cloudy throughout the day with early morning rain.
partly-cloudy-day,2017-08-09,24,14.8,--,Partly cloudy throughout the day.
partly-cloudy-day,2017-08-10,24.3,14.4,--,Partly cloudy throughout the day.
rain,2017-08-11,24,16.6,rain,Partly cloudy throughout the day with late afternoon rain.
rain,2017-08-12,24.8,16.7,rain,Partly cloudy throughout the day with rain.
partly-cloudy-day,2017-08-13,24.9,19.6,--,Partly cloudy throughout the day.
rain,2017-08-14,24.2,10.5,rain,Partly cloudy throughout the day with late afternoon rain.
rain,2017-08-15,25.1,15.4,rain,Partly cloudy throughout the day with rain in the morning and afternoon.
partly-cloudy-day,2017-08-16,27.1,15.8,--,Partly cloudy throughout the day.
rain,2017-08-17,27.7,27.6,rain,Partly cloudy throughout the day with afternoon rain.
rain,2017-08-18,27.6,20.6,rain,Partly cloudy throughout the day with late afternoon rain.
rain,2017-08-19,27.9,20.4,rain,Partly cloudy throughout the day with late afternoon rain.
clear-day,2017-08-20,25.8,16.4,--,Clear conditions throughout the day.
rain,2017-08-21,26.6,26.5,rain,Partly cloudy throughout the day with rain.
rain,2017-08-22,28.2,34,rain,Partly cloudy throughout the day with afternoon rain.
partly-cloudy-day,2017-08-23,26.8,19.2,--,Partly cloudy throughout the day.
partly-cloudy-day,2017-08-24,24.4,17.6,--,Partly cloudy throughout the day.
rain,2017-08-25,22.7,15.3,rain,Becoming cloudy in the afternoon with early morning rain.
partly-cloudy-day,2017-08-26,22.7,13.8,--,Partly cloudy throughout the day.
partly-cloudy-day,2017-08-27,22.1,22.8,--,Partly cloudy throughout the day.
partly-cloudy-day,2017-08-28,21.2,26,--,Partly cloudy throughout the day.
rain,2017-08-29,19.4,22.4,rain,Partly cloudy throughout the day with a chance of rain throughout the day.
partly-cloudy-day,2017-08-30,21,19.8,--,Partly cloudy throughout the day.
partly-cloudy-day,2017-08-31,24.3,18.4,--,Partly cloudy throughout the day.
partly-cloudy-day,2017-09-01,18.9,30,--,Partly cloudy throughout the day.
rain,2017-09-02,16.5,20.3,rain,Partly cloudy throughout the day with a chance of rain throughout the day.
rain,2017-09-03,20.8,19.4,rain,Partly cloudy throughout the day with early morning rain.
rain,2017-09-04,22.3,25.5,rain,Partly cloudy throughout the day with afternoon rain.
rain,2017-09-05,24.1,28.3,rain,Partly cloudy throughout the day with late afternoon rain.
rain,2017-09-06,19,19.8,rain,Partly cloudy throughout the day with rain.
rain,2017-09-07,18.9,22.5,rain,Partly cloudy throughout the day with morning rain.
partly-cloudy-day,2017-09-08,19.1,15.6,--,Becoming cloudy in the afternoon.
partly-cloudy-day,2017-09-09,18.1,20.2,--,Partly cloudy throughout the day.
partly-cloudy-day,2017-09-10,17.7,17,--,Partly cloudy throughout the day.
partly-cloudy-day,2017-09-11,18.5,15.8,--,Partly cloudy throughout the day.
partly-cloudy-day,2017-09-12,20.9,14,--,Partly cloudy throughout the day.
rain,2017-09-13,22.2,17.4,rain,Partly cloudy throughout the day with rain clearing later.
rain,2017-09-14,23.6,18.1,rain,Partly cloudy throughout the day with early morning rain.
partly-cloudy-day,2017-09-15,23.7,17.3,--,Becoming cloudy in the afternoon.
partly-cloudy-day,2017-09-16,24.1,12.1,--,Becoming cloudy in the afternoon.
partly-cloudy-day,2017-09-17,23.9,16.1,--,Partly cloudy throughout the day.
partly-cloudy-day,2017-09-18,22.7,21.1,--,Partly cloudy throughout the day.
partly-cloudy-day,2017-09-19,23.9,25.4,--,Partly cloudy throughout the day.
partly-cloudy-day,2017-09-20,25.1,20.2,--,Clearing in the afternoon.
rain,2017-09-21,25.2,15.8,rain,Partly cloudy throughout the day with morning rain.
partly-cloudy-day,2017-09-22,24.5,16.6,--,Partly cloudy throughout the day.
partly-cloudy-day,2017-09-23,24.4,19.7,--,Partly cloudy throughout the day.
partly-cloudy-day,2017-09-24,25.6,16,--,Partly cloudy throughout the day.
partly-cloudy-day,2017-09-25,26.3,16,--,Partly cloudy throughout the day.
partly-cloudy-day,2017-09-26,24.6,19.7,--,Partly cloudy throughout the day.
partly-cloudy-day,2017-09-27,27.1,24.6,--,Partly cloudy throughout the day.
clear-day,2017-09-28,24.4,31.4,--,Clear conditions throughout the day.
partly-cloudy-day,2017-09-29,18.9,19.6,--,Partly cloudy throughout the day.
partly-cloudy-day,2017-09-30,17.5,34.7,--,Becoming cloudy in the afternoon.
clear-day,2017-10-01,15.7,22.9,--,Clear conditions throughout the day.
partly-cloudy-day,2017-10-02,17.1,17.1,--,Partly cloudy throughout the day.
partly-cloudy-day,2017-10-03,18,14.3,--,Partly cloudy throughout the day.
clear-day,2017-10-04,18.7,21.5,--,Clear conditions throughout the day.
partly-cloudy-day,2017-10-05,20.4,19.9,--,Partly cloudy throughout the day.
partly-cloudy-day,2017-10-06,22.6,16.2,--,Partly cloudy throughout the day.
partly-cloudy-day,2017-10-07,23.6,23.8,--,Partly cloudy throughout the day.
rain,2017-10-08,25.5,23.8,rain,Partly cloudy throughout the day with rain.
rain,2017-10-09,25.8,34.7,rain,Partly cloudy throughout the day with rain.
partly-cloudy-day,2017-10-10,25.7,14,--,Partly cloudy throughout the day.
rain,2017-10-11,22.7,19.8,rain,Partly cloudy throughout the day with rain.
rain,2017-10-12,18,31.6,rain,Cloudy skies throughout the day with early morning rain.
rain,2017-10-13,17.1,24.4,rain,Cloudy skies throughout the day with late afternoon rain.
cloudy,2017-10-14,18.5,12.7,--,Cloudy skies throughout the day.
rain,2017-10-15,20.8,22,rain,Partly cloudy throughout the day with early morning rain.
rain,2017-10-16,17.3,34,rain,Partly cloudy throughout the day with rain clearing later.
clear-day,2017-10-17,12.2,21.6,--,Clear conditions throughout the day.
rain,2017-10-18,13.8,16,rain,Clear conditions throughout the day with morning rain.
partly-cloudy-day,2017-10-19,15.2,16,--,Partly cloudy throughout the day.
partly-cloudy-day,2017-10-20,18.3,21.5,--,Partly cloudy throughout the day.
partly-cloudy-day,2017-10-21,17.6,10.5,--,Partly cloudy throughout the day.
partly-cloudy-day,2017-10-22,17.9,20.2,--,Partly cloudy throughout the day.
rain,2017-10-23,20.1,29.3,rain,Partly cloudy throughout the day with late afternoon rain.
rain,2017-10-24,19.4,27,rain,Partly cloudy throughout the day with rain clearing later.
partly-cloudy-day,2017-10-25,14.8,23.6,--,Partly cloudy throughout the day.
partly-cloudy-day,2017-10-26,12.2,29.1,--,Partly cloudy throughout the day.
rain,2017-10-27,12.9,18.2,rain,Clear conditions throughout the day with morning rain.
partly-cloudy-day,2017-10-28,16.7,23.9,--,Partly cloudy throughout the day.
rain,2017-10-29,16.1,52.5,rain,Partly cloudy throughout the day with a chance of rain throughout the day.
rain,2017-10-30,10.6,35.4,rain,Clearing in the afternoon with rain clearing later.
partly-cloudy-day,2017-10-31,11.7,18.3,--,Clearing in the afternoon.
partly-cloudy-day,2017-11-01,11.6,15.8,--,Partly cloudy throughout the day.
partly-cloudy-day,2017-11-02,16.5,21.8,--,Clearing in the afternoon.
partly-cloudy-day,2017-11-03,19.1,25,--,Partly cloudy throughout the day.
rain,2017-11-04,12.6,28.6,rain,Partly cloudy throughout the day with late afternoon rain.
rain,2017-11-05,14.3,19.8,rain,Cloudy skies throughout the day with a chance of rain throughout the day.
partly-cloudy-day,2017-11-06,17.9,23.5,--,Partly cloudy throughout the day.
rain,2017-11-07,7.9,23.8,rain,Partly cloudy throughout the day with rain.
rain,2017-11-08,7.3,23.4,rain,Cloudy skies throughout the day with morning rain.
rain,2017-11-09,10,15.9,rain,Partly cloudy throughout the day with a chance of rain throughout the day.
partly-cloudy-day,2017-11-10,5.7,36.1,--,Partly cloudy throughout the day.
partly-cloudy-day,2017-11-11,0.3,28,--,Partly cloudy throughout the day.
partly-cloudy-day,2017-11-12,4.5,12.4,--,Partly cloudy throughout the day.
rain,2017-11-13,7.3,17.5,rain,Partly cloudy throughout the day with early morning rain.
partly-cloudy-day,2017-11-14,7.3,21.6,--,Partly cloudy throughout the day.
partly-cloudy-day,2017-11-15,7.6,14.1,--,Becoming cloudy in the afternoon.
partly-cloudy-day,2017-11-16,10.6,31.3,--,Becoming cloudy in the afternoon.
partly-cloudy-day,2017-11-17,8.1,25.6,--,Becoming cloudy in the afternoon.
partly-cloudy-day,2017-11-18,10.1,34.9,--,Partly cloudy throughout the day.
rain,2017-11-19,11,46.1,rain,Partly cloudy throughout the day with early morning rain.
partly-cloudy-day,2017-11-20,7.1,28.4,--,Partly cloudy throughout the day.
partly-cloudy-day,2017-11-21,10.2,28.9,--,Partly cloudy throughout the day.
rain,2017-11-22,10.2,40,rain,Partly cloudy throughout the day with rain clearing later.
partly-cloudy-day,2017-11-23,3.5,15.7,--,Partly cloudy throughout the day.
clear-day,2017-11-24,5.4,17.6,--,Clear conditions throughout the day.
partly-cloudy-day,2017-11-25,9.3,17.6,--,Partly cloudy throughout the day.
partly-cloudy-day,2017-11-26,10,27.6,--,Partly cloudy throughout the day.
partly-cloudy-day,2017-11-27,9.1,21.5,--,Becoming cloudy in the afternoon.
clear-day,2017-11-28,9.2,18.4,--,Clear conditions throughout the day.
clear-day,2017-11-29,11.4,25.2,--,Clear conditions throughout the day.
rain,2017-11-30,10.1,14.6,rain,Partly cloudy throughout the day with late afternoon rain.
partly-cloudy-day,2017-12-01,10.1,28.6,--,Clearing in the afternoon.
partly-cloudy-day,2017-12-02,6.5,12.4,--,Partly cloudy throughout the day.
rain,2017-12-03,8.3,16.3,rain,Clearing in the afternoon with morning rain.
partly-cloudy-day,2017-12-04,7.4,16.4,--,Partly cloudy throughout the day.
rain,2017-12-05,11.5,27.1,rain,Partly cloudy throughout the day with rain.
partly-cloudy-day,2017-12-06,8,43.2,--,Partly cloudy throughout the day.
partly-cloudy-day,2017-12-07,6.9,20.7,--,Partly cloudy throughout the day.
partly-cloudy-day,2017-12-08,4,17.4,--,Partly cloudy throughout the day.
snow,2017-12-09,1.3,21.6,"rain, snow",Partly cloudy throughout the day with rain or snow.
snow,2017-12-10,2.2,17.5,"rain, snow",Partly cloudy throughout the day with afternoon rain or snow.
partly-cloudy-day,2017-12-11,4.9,21.6,--,Partly cloudy throughout the day.
rain,2017-12-12,4.8,42,"rain, snow",Partly cloudy throughout the day with late afternoon rain or snow.
rain,2017-12-13,-1.6,40.1,snow,Becoming cloudy in the afternoon with morning snow.
partly-cloudy-day,2017-12-14,3,38,--,Partly cloudy throughout the day.
snow,2017-12-15,-1.6,13.9,"rain, snow",Partly cloudy throughout the day with afternoon rain or snow.
partly-cloudy-day,2017-12-16,2.4,25.4,--,Partly cloudy throughout the day.
partly-cloudy-day,2017-12-17,4.7,12.3,--,Partly cloudy throughout the day.
partly-cloudy-day,2017-12-18,8.2,14.6,--,Partly cloudy throughout the day.
partly-cloudy-day,2017-12-19,9.8,20.4,--,Becoming cloudy in the afternoon.
partly-cloudy-day,2017-12-20,9,23.8,--,Partly cloudy throughout the day.
clear-day,2017-12-21,3.5,14.1,--,Clear conditions throughout the day.
partly-cloudy-day,2017-12-22,7.6,18.3,--,Partly cloudy throughout the day.
rain,2017-12-23,12.1,40.1,rain,Partly cloudy throughout the day with a chance of rain throughout the day.
rain,2017-12-24,5.6,26.7,rain,Partly cloudy throughout the day with late afternoon rain.
partly-cloudy-day,2017-12-25,2,40.2,--,Partly cloudy throughout the day.
partly-cloudy-day,2017-12-26,0.5,23.7,--,Clearing in the afternoon.
partly-cloudy-day,2017-12-27,-1.8,32.3,--,Partly cloudy throughout the day.
partly-cloudy-day,2017-12-28,-6.8,30.7,--,Partly cloudy throughout the day.
partly-cloudy-day,2017-12-29,-4.3,19.5,--,Partly cloudy throughout the day.
snow,2017-12-30,-3.4,32.6,snow,Partly cloudy throughout the day with snow.
partly-cloudy-day,2017-12-31,-6.8,32.5,--,Partly cloudy throughout the day.
partly-cloudy-day,2018-01-01,-7.5,30.9,--,Becoming cloudy in the afternoon.
clear-day,2018-01-02,-7.6,22.2,--,Clear conditions throughout the day.
partly-cloudy-day,2018-01-03,-4.1,14.1,"rain, snow",Partly cloudy throughout the day.
snow,2018-01-04,-4.6,45.4,snow,Partly cloudy throughout the day with a chance of snow throughout the day.
snow,2018-01-05,-8.9,37.2,snow,Clear conditions throughout the day with snow.
clear-day,2018-01-06,-9.5,35.1,--,Clear conditions throughout the day.
partly-cloudy-day,2018-01-07,-8.9,20.2,--,Partly cloudy throughout the day.
rain,2018-01-08,-1.8,18,"rain, snow",Cloudy skies throughout the day with rain or snow.
partly-cloudy-day,2018-01-09,3.1,20,--,Partly cloudy throughout the day.
partly-cloudy-day,2018-01-10,2.4,10.9,--,Partly cloudy throughout the day.
cloudy,2018-01-11,9.7,16.7,--,Cloudy skies throughout the day.
rain,2018-01-12,16,31.1,rain,Cloudy skies throughout the day with a chance of rain throughout the day.
rain,2018-01-13,2.9,39.2,rain,Partly cloudy throughout the day with rain clearing later.
partly-cloudy-day,2018-01-14,-5.6,30.9,--,Partly cloudy throughout the day.
partly-cloudy-day,2018-01-15,-3.8,15.7,--,Partly cloudy throughout the day.
snow,2018-01-16,1.3,10.3,"rain, snow",Cloudy skies throughout the day with afternoon rain or snow.
snow,2018-01-17,-2.7,33.9,"rain, snow",Partly cloudy throughout the day with rain or snow clearing later.
clear-day,2018-01-18,-0.2,25.8,--,Clear conditions throughout the day.
partly-cloudy-day,2018-01-19,2.8,21,--,Partly cloudy throughout the day.
partly-cloudy-day,2018-01-20,5.3,23.3,--,Partly cloudy throughout the day.
partly-cloudy-day,2018-01-21,7.6,18,--,Partly cloudy throughout the day.
cloudy,2018-01-22,12.5,21.6,--,Cloudy skies throughout the day.
rain,2018-01-23,13.5,33.1,rain,Partly cloudy throughout the day with morning rain.
partly-cloudy-day,2018-01-24,6.3,32.6,--,Partly cloudy throughout the day.
partly-cloudy-day,2018-01-25,2.3,32,--,Partly cloudy throughout the day.
partly-cloudy-day,2018-01-26,2.8,14.6,--,Partly cloudy throughout the day.
partly-cloudy-day,2018-01-27,9.9,29,--,Becoming cloudy in the afternoon.
rain,2018-01-28,10.5,23.8,rain,Cloudy skies throughout the day with a chance of rain throughout the day.
rain,2018-01-29,7.4,27.7,rain,Cloudy skies throughout the day with afternoon rain.
rain,2018-01-30,0.8,41.7,"rain, snow",Partly cloudy throughout the day with afternoon rain or snow.
partly-cloudy-day,2018-01-31,-1.5,29.1,--,Partly cloudy throughout the day.
rain,2018-02-01,7.6,24.1,rain,Cloudy skies throughout the day with late afternoon rain.
rain,2018-02-02,-0.7,38.6,rain,Partly cloudy throughout the day with early morning rain.
partly-cloudy-day,2018-02-03,-2.9,26.8,--,Becoming cloudy in the afternoon.
rain,2018-02-04,1.3,26.5,"rain, snow",Cloudy skies throughout the day with rain or snow.
partly-cloudy-day,2018-02-05,0.9,36.5,--,Clearing in the afternoon.
cloudy,2018-02-06,1.2,17.6,--,Cloudy skies throughout the day.
snow,2018-02-07,2.1,26.1,"rain, snow",Cloudy skies throughout the day with a chance of rain or snow throughout the day.
partly-cloudy-day,2018-02-08,0,35.8,--,Partly cloudy throughout the day.
partly-cloudy-day,2018-02-09,2.5,17.2,--,Partly cloudy throughout the day.
rain,2018-02-10,6.8,14,rain,Cloudy skies throughout the day with rain.
rain,2018-02-11,13.5,22.2,rain,Cloudy skies throughout the day with a chance of rain throughout the day.
rain,2018-02-12,9.1,32.7,rain,Partly cloudy throughout the day with morning rain.
rain,2018-02-13,2.7,19.4,rain,Partly cloudy throughout the day with late afternoon rain.
partly-cloudy-day,2018-02-14,6.1,19.8,--,Partly cloudy throughout the day.
rain,2018-02-15,14.8,29.7,rain,Partly cloudy throughout the day with early morning rain.
rain,2018-02-16,14.2,34.3,rain,Partly cloudy throughout the day with rain in the morning and afternoon.
rain,2018-02-17,2.8,25.1,"rain, snow",Partly cloudy throughout the day with rain or snow.
rain,2018-02-18,5.1,15.1,rain,Partly cloudy throughout the day with early morning rain.
rain,2018-02-19,6.5,17.9,rain,Cloudy skies throughout the day with morning rain.
partly-cloudy-day,2018-02-20,16.7,35.2,--,Partly cloudy throughout the day.
rain,2018-02-21,20.3,33.7,rain,Partly cloudy throughout the day with rain.
rain,2018-02-22,12.5,32.1,rain,Cloudy skies throughout the day with late afternoon rain.
rain,2018-02-23,6.7,20,rain,Cloudy skies throughout the day with morning rain.
rain,2018-02-24,10.2,21.4,rain,Cloudy skies throughout the day with rain.
rain,2018-02-25,10.1,11,rain,Cloudy skies throughout the day with a chance of rain throughout the day.
partly-cloudy-day,2018-02-26,9.7,21.5,--,Partly cloudy throughout the day.
clear-day,2018-02-27,8.5,18,--,Clear conditions throughout the day.
partly-cloudy-day,2018-02-28,10.9,25.8,--,Partly cloudy throughout the day.
rain,2018-03-01,11,14.5,rain,Cloudy skies throughout the day with rain.
rain,2018-03-02,7.1,69,rain,Cloudy skies throughout the day with a chance of rain throughout the day.
rain,2018-03-03,6.1,43.7,rain,Partly cloudy throughout the day with morning rain.
partly-cloudy-day,2018-03-04,6.3,36.3,--,Clearing in the afternoon.
clear-day,2018-03-05,4.2,28.8,--,Clear conditions throughout the day.
rain,2018-03-06,3.6,20.2,"rain, snow",Partly cloudy throughout the day with late afternoon rain or snow.
snow,2018-03-07,4.8,28.9,"rain, snow",Partly cloudy throughout the day with rain or snow clearing later.
partly-cloudy-day,2018-03-08,3.6,29.4,--,Becoming cloudy in the afternoon.
partly-cloudy-day,2018-03-09,3.5,31.3,--,Becoming cloudy in the afternoon.
partly-cloudy-day,2018-03-10,4.5,21.8,--,Clearing in the afternoon.
partly-cloudy-day,2018-03-11,5,17,--,Partly cloudy throughout the day.
rain,2018-03-12,3.6,32.1,rain,Cloudy skies throughout the day with late afternoon rain.
partly-cloudy-day,2018-03-13,3.8,41.4,rain,Becoming cloudy in the afternoon.
partly-cloudy-day,2018-03-14,2.8,40.2,--,Partly cloudy throughout the day.
partly-cloudy-day,2018-03-15,5.4,36.4,--,Becoming cloudy in the afternoon.
partly-cloudy-day,2018-03-16,4.4,39.6,--,Clearing in the afternoon.
partly-cloudy-day,2018-03-17,4,18.3,--,Partly cloudy throughout the day.
clear-day,2018-03-18,7.4,18,--,Clear conditions throughout the day.
partly-cloudy-day,2018-03-19,7.9,19.5,--,Partly cloudy throughout the day.
snow,2018-03-20,2.7,42.9,"rain, snow",Cloudy skies throughout the day with a chance of rain or snow throughout the day.
snow,2018-03-21,0.9,27.1,"rain, snow",Cloudy skies throughout the day with a chance of rain or snow throughout the day.
snow,2018-03-22,4.5,33.5,"rain, snow",Partly cloudy throughout the day with early morning snow or rain.
partly-cloudy-day,2018-03-23,5.6,37.5,--,Partly cloudy throughout the day.
partly-cloudy-day,2018-03-24,5.8,25.3,--,Partly cloudy throughout the day.
partly-cloudy-day,2018-03-25,4.6,26.9,--,Partly cloudy throughout the day.
partly-cloudy-day,2018-03-26,5,21.9,--,Partly cloudy throughout the day.
rain,2018-03-27,4.8,15.8,rain,Cloudy skies throughout the day with rain.
rain,2018-03-28,9.3,12.8,rain,Cloudy skies throughout the day with a chance of rain throughout the day.
cloudy,2018-03-29,15.3,20.3,--,Cloudy skies throughout the day.
partly-cloudy-day,2018-03-30,17.3,38.3,--,Partly cloudy throughout the day.
clear-day,2018-03-31,10.2,27,--,Clear conditions throughout the day.
partly-cloudy-day,2018-04-01,13.1,26.8,--,Partly cloudy throughout the day.
rain,2018-04-02,8.1,34.3,rain,Cloudy skies throughout the day with rain clearing later.
rain,2018-04-03,9,21.8,rain,Cloudy skies throughout the day with late afternoon rain.
wind,2018-04-04,13,48.5,--,Partly cloudy throughout the day.
partly-cloudy-day,2018-04-05,7.2,33.7,--,Clearing in the afternoon.
partly-cloudy-day,2018-04-06,13.3,42.1,--,Partly cloudy throughout the day.
cloudy,2018-04-07,8.1,36.1,--,Cloudy skies throughout the day.
partly-cloudy-day,2018-04-08,5.7,29.9,--,Partly cloudy throughout the day.
rain,2018-04-09,5.5,17.2,rain,Cloudy skies throughout the day with late afternoon rain.
rain,2018-04-10,7.9,25.3,rain,Partly cloudy throughout the day with early morning rain.
partly-cloudy-day,2018-04-11,9.2,18.3,--,Partly cloudy throughout the day.
partly-cloudy-day,2018-04-12,15.6,41.4,--,Partly cloudy throughout the day.
partly-cloudy-day,2018-04-13,22.5,30.6,--,Partly cloudy throughout the day.
partly-cloudy-day,2018-04-14,23.3,29.9,--,Becoming cloudy in the afternoon.
rain,2018-04-15,13.7,34,rain,Partly cloudy throughout the day with rain.
rain,2018-04-16,12.1,32.5,rain,Cloudy skies throughout the day with a chance of rain throughout the day.
cloudy,2018-04-17,6.9,27,--,Cloudy skies throughout the day.
clear-day,2018-04-18,9.5,21.1,--,Clear conditions throughout the day.
rain,2018-04-19,10.7,47.2,rain,Partly cloudy throughout the day with rain in the morning and afternoon.
clear-day,2018-04-20,9.7,29.4,--,Clear conditions throughout the day.
partly-cloudy-day,2018-04-21,11,17.8,--,Partly cloudy throughout the day.
partly-cloudy-day,2018-04-22,13.7,21.8,--,Partly cloudy throughout the day.
partly-cloudy-day,2018-04-23,14.9,27.4,--,Partly cloudy throughout the day.
rain,2018-04-24,14.2,30.9,rain,Cloudy skies throughout the day with rain.
rain,2018-04-25,15.7,21.4,rain,Cloudy skies throughout the day with a chance of rain throughout the day.
partly-cloudy-day,2018-04-26,16.4,26.4,--,Partly cloudy throughout the day.
rain,2018-04-27,14.5,19.6,rain,Partly cloudy throughout the day with rain clearing later.
rain,2018-04-28,16.8,39.7,rain,Partly cloudy throughout the day with late afternoon rain.
partly-cloudy-day,2018-04-29,10.6,39.8,--,Partly cloudy throughout the day.
clear-day,2018-04-30,14.3,31.2,--,Clear conditions throughout the day.
clear-day,2018-05-01,19,16.9,--,Clear conditions throughout the day.
partly-cloudy-day,2018-05-02,22.5,24.7,--,Partly cloudy throughout the day.
partly-cloudy-day,2018-05-03,24.9,24.4,--,Partly cloudy throughout the day.
partly-cloudy-day,2018-05-04,25.3,28.3,--,Partly cloudy throughout the day.
cloudy,2018-05-05,21.1,25.3,--,Cloudy skies throughout the day.
cloudy,2018-05-06,17.9,22.8,--,Cloudy skies throughout the day.
partly-cloudy-day,2018-05-07,19.2,20.8,--,Partly cloudy throughout the day.
partly-cloudy-day,2018-05-08,19.5,17.8,--,Partly cloudy throughout the day.
clear-day,2018-05-09,19.6,17.8,--,Clear conditions throughout the day.
rain,2018-05-10,21.2,20.2,rain,Partly cloudy throughout the day with late afternoon rain.
partly-cloudy-day,2018-05-11,23,23.6,--,Becoming cloudy in the afternoon.
rain,2018-05-12,24.3,31.4,rain,Partly cloudy throughout the day with late afternoon rain.
rain,2018-05-13,18.9,21.7,rain,Cloudy skies throughout the day with rain.
rain,2018-05-14,19.9,41.5,rain,Cloudy skies throughout the day with late afternoon rain.
rain,2018-05-15,24.4,45.5,rain,Partly cloudy throughout the day with late afternoon rain.
rain,2018-05-16,21.3,17.4,rain,Cloudy skies throughout the day with a chance of rain throughout the day.
rain,2018-05-17,19.6,19.3,rain,Cloudy skies throughout the day with a chance of rain throughout the day.
rain,2018-05-18,18.3,27,rain,Cloudy skies throughout the day with a chance of rain throughout the day.
rain,2018-05-19,17.3,21.7,rain,Cloudy skies throughout the day with a chance of rain throughout the day.
rain,2018-05-20,25,21.9,rain,Partly cloudy throughout the day with late afternoon rain.
partly-cloudy-day,2018-05-21,23.3,22.7,--,Partly cloudy throughout the day.
rain,2018-05-22,20.7,26.9,rain,Cloudy skies throughout the day with rain.
partly-cloudy-day,2018-05-23,23.8,32.8,--,Partly cloudy throughout the day.
clear-day,2018-05-24,23.3,16.4,--,Clear conditions throughout the day.
partly-cloudy-day,2018-05-25,23.8,27.1,--,Becoming cloudy in the afternoon.
rain,2018-05-26,25.7,21.6,rain,Partly cloudy throughout the day with late afternoon rain.
rain,2018-05-27,25,19.5,rain,Cloudy skies throughout the day with rain.
rain,2018-05-28,19.6,20.8,rain,Cloudy skies throughout the day with rain clearing later.
cloudy,2018-05-29,23.6,15.1,--,Cloudy skies throughout the day.
rain,2018-05-30,23.8,23.2,rain,Cloudy skies throughout the day with late afternoon rain.
rain,2018-05-31,23.8,18,rain,Cloudy skies throughout the day with rain.
partly-cloudy-day,2018-06-01,26.3,19.4,--,Partly cloudy throughout the day.
rain,2018-06-02,24.9,21.6,rain,Partly cloudy throughout the day with rain.
rain,2018-06-03,18.9,33.7,rain,Cloudy skies throughout the day with a chance of rain throughout the day.
partly-cloudy-day,2018-06-04,19.2,23.6,--,Partly cloudy throughout the day.
partly-cloudy-day,2018-06-05,22.3,30.1,--,Becoming cloudy in the afternoon.
partly-cloudy-day,2018-06-06,20.8,25.1,--,Partly cloudy throughout the day.
partly-cloudy-day,2018-06-07,21.2,15.2,--,Partly cloudy throughout the day.
rain,2018-06-08,23.2,16.7,rain,Partly cloudy throughout the day with late afternoon rain.
rain,2018-06-09,24.1,21.9,rain,Partly cloudy throughout the day with rain.
rain,2018-06-10,23,25.9,rain,Partly cloudy throughout the day with late afternoon rain.
rain,2018-06-11,17.6,23,rain,Cloudy skies throughout the day with rain clearing later.
partly-cloudy-day,2018-06-12,19.8,18.8,--,Partly cloudy throughout the day.
partly-cloudy-day,2018-06-13,24.1,23.1,--,Partly cloudy throughout the day.
partly-cloudy-day,2018-06-14,26.7,29.4,--,Partly cloudy throughout the day.
partly-cloudy-day,2018-06-15,24.7,27.7,--,Partly cloudy throughout the day.
partly-cloudy-day,2018-06-16,24.5,16.2,--,Partly cloudy throughout the day.
partly-cloudy-day,2018-06-17,27,12.8,--,Partly cloudy throughout the day.
partly-cloudy-day,2018-06-18,28,23.5,--,Partly cloudy throughout the day.
rain,2018-06-19,28.2,30.8,rain,Partly cloudy throughout the day with rain.
rain,2018-06-20,25.6,17.2,rain,Partly cloudy throughout the day with rain.
cloudy,2018-06-21,25.6,17.8,--,Cloudy skies throughout the day.
rain,2018-06-22,21.9,21.5,rain,Cloudy skies throughout the day with a chance of rain throughout the day.
rain,2018-06-23,22.7,15.8,rain,Partly cloudy throughout the day with rain.
rain,2018-06-24,25.7,17.7,rain,Partly cloudy throughout the day with a chance of rain throughout the day.
rain,2018-06-25,25,25.3,rain,Partly cloudy throughout the day with a chance of rain throughout the day.
partly-cloudy-day,2018-06-26,23.2,22,--,Partly cloudy throughout the day.
rain,2018-06-27,24.2,23.4,rain,Cloudy skies throughout the day with afternoon rain.
partly-cloudy-day,2018-06-28,27.3,21.3,--,Partly cloudy throughout the day.
partly-cloudy-day,2018-06-29,28,16.2,--,Partly cloudy throughout the day.
partly-cloudy-day,2018-06-30,27.9,19.2,--,Becoming cloudy in the afternoon.
partly-cloudy-day,2018-07-01,28.6,19.9,--,Partly cloudy throughout the day.
partly-cloudy-day,2018-07-02,30.3,19.8,--,Partly cloudy throughout the day.
partly-cloudy-day,2018-07-03,31.2,22.3,--,Partly cloudy throughout the day.
partly-cloudy-day,2018-07-04,29.9,18.1,--,Partly cloudy throughout the day.
partly-cloudy-day,2018-07-05,29.5,19.6,--,Partly cloudy throughout the day.
partly-cloudy-day,2018-07-06,28.3,19.8,--,Partly cloudy throughout the day.
partly-cloudy-day,2018-07-07,24,29,--,Partly cloudy throughout the day.
clear-day,2018-07-08,23.6,20.1,--,Clear conditions throughout the day.
clear-day,2018-07-09,25,19.8,--,Clear conditions throughout the day.
partly-cloudy-day,2018-07-10,28.9,21.8,--,Partly cloudy throughout the day.
partly-cloudy-day,2018-07-11,29.6,23.3,--,Partly cloudy throughout the day.
partly-cloudy-day,2018-07-12,27,18.7,--,Becoming cloudy in the afternoon.
partly-cloudy-day,2018-07-13,26.1,16.8,--,Partly cloudy throughout the day.
clear-day,2018-07-14,26.8,20.5,--,Clear conditions throughout the day.
partly-cloudy-day,2018-07-15,26.8,17.8,--,Partly cloudy throughout the day.
partly-cloudy-day,2018-07-16,28.6,32.3,--,Partly cloudy throughout the day.
rain,2018-07-17,27.6,30.4,rain,Partly cloudy throughout the day with afternoon rain.
partly-cloudy-day,2018-07-18,26.4,23.7,--,Partly cloudy throughout the day.
partly-cloudy-day,2018-07-19,26,21.1,--,Partly cloudy throughout the day.
partly-cloudy-day,2018-07-20,25.5,19.7,--,Partly cloudy throughout the day.
rain,2018-07-21,22.1,35.5,rain,Cloudy skies throughout the day with rain.
rain,2018-07-22,22.3,23.5,rain,Partly cloudy throughout the day with rain.
rain,2018-07-23,26.3,30.6,rain,Cloudy skies throughout the day with rain.
rain,2018-07-24,25.4,21.7,rain,Cloudy skies throughout the day with rain.
rain,2018-07-25,25.2,19.8,rain,Cloudy skies throughout the day with late afternoon rain.
rain,2018-07-26,26.6,19.5,rain,Partly cloudy throughout the day with morning rain.
partly-cloudy-day,2018-07-27,26.5,22.3,--,Partly cloudy throughout the day.
partly-cloudy-day,2018-07-28,26.5,19.6,--,Partly cloudy throughout the day.
partly-cloudy-day,2018-07-29,25.4,15.6,--,Partly cloudy throughout the day.
rain,2018-07-30,23.5,24.6,rain,Partly cloudy throughout the day with rain.
rain,2018-07-31,24.7,14.1,rain,Cloudy skies throughout the day with rain.
rain,2018-08-01,27.2,30.5,rain,Partly cloudy throughout the day with early morning rain.
rain,2018-08-02,25.4,16.4,rain,Partly cloudy throughout the day with afternoon rain.
rain,2018-08-03,25.1,27.2,rain,Cloudy skies throughout the day with rain.
rain,2018-08-04,26.5,17.6,rain,Partly cloudy throughout the day with early morning rain.
partly-cloudy-day,2018-08-05,27.3,17.3,--,Becoming cloudy in the afternoon.
rain,2018-08-06,27.3,19.6,rain,Becoming cloudy in the afternoon with rain.
rain,2018-08-07,27.1,16.1,rain,Partly cloudy throughout the day with afternoon rain.
partly-cloudy-day,2018-08-08,28.5,17.8,--,Becoming cloudy in the afternoon.
partly-cloudy-day,2018-08-09,28.5,21.4,--,Partly cloudy throughout the day.
partly-cloudy-day,2018-08-10,28.5,17.8,--,Becoming cloudy in the afternoon.
rain,2018-08-11,27.7,19.8,rain,Partly cloudy throughout the day with late afternoon rain.
rain,2018-08-12,25.5,17.5,rain,Partly cloudy throughout the day with rain.
rain,2018-08-13,25.3,28.1,rain,Partly cloudy throughout the day with late afternoon rain.
rain,2018-08-14,25.2,24.9,rain,Partly cloudy throughout the day with late afternoon rain.
partly-cloudy-day,2018-08-15,27.6,21.4,--,Becoming cloudy in the afternoon.
partly-cloudy-day,2018-08-16,27.5,20.1,--,Partly cloudy throughout the day.
partly-cloudy-day,2018-08-17,28.6,22.4,--,Partly cloudy throughout the day.
partly-cloudy-day,2018-08-18,27.8,19.9,--,Partly cloudy throughout the day.
partly-cloudy-day,2018-08-19,25.7,25.8,--,Partly cloudy throughout the day.
rain,2018-08-20,24.2,19.2,rain,Cloudy skies throughout the day with rain clearing later.
rain,2018-08-21,25,27.4,rain,Cloudy skies throughout the day with rain.
rain,2018-08-22,25.6,17.1,rain,Partly cloudy throughout the day with a chance of rain throughout the day.
partly-cloudy-day,2018-08-23,22.7,27.2,--,Becoming cloudy in the afternoon.
partly-cloudy-day,2018-08-24,23.3,17,--,Partly cloudy throughout the day.
partly-cloudy-day,2018-08-25,23.3,17.7,--,Partly cloudy throughout the day.
partly-cloudy-day,2018-08-26,25.1,23.2,--,Partly cloudy throughout the day.
partly-cloudy-day,2018-08-27,27.9,15.7,--,Partly cloudy throughout the day.
partly-cloudy-day,2018-08-28,29.1,17.7,--,Partly cloudy throughout the day.
partly-cloudy-day,2018-08-29,29.6,21.6,--,Partly cloudy throughout the day.
partly-cloudy-day,2018-08-30,29.5,18.2,--,Partly cloudy throughout the day.
rain,2018-08-31,28.2,24.3,rain,Partly cloudy throughout the day with rain.
rain,2018-09-01,26.1,23.7,rain,Partly cloudy throughout the day with a chance of rain throughout the day.
rain,2018-09-02,26.9,11.1,rain,Partly cloudy throughout the day with early morning rain.
partly-cloudy-day,2018-09-03,29.1,19.5,--,Partly cloudy throughout the day.
rain,2018-09-04,29.1,26.3,rain,Becoming cloudy in the afternoon with afternoon rain.
partly-cloudy-day,2018-09-05,29.2,15.8,--,Partly cloudy throughout the day.
partly-cloudy-day,2018-09-06,29.5,19.8,--,Partly cloudy throughout the day.
rain,2018-09-07,26.7,20.3,rain,Partly cloudy throughout the day with rain.
rain,2018-09-08,21.7,31.7,rain,Cloudy skies throughout the day with rain.
rain,2018-09-09,18,33.7,rain,Cloudy skies throughout the day with a chance of rain throughout the day.
rain,2018-09-10,20.9,21.8,rain,Cloudy skies throughout the day with rain.
rain,2018-09-11,22.9,15.8,rain,Cloudy skies throughout the day with morning rain.
rain,2018-09-12,24.6,13.8,rain,Partly cloudy throughout the day with rain.
rain,2018-09-13,24.6,22.3,rain,Cloudy skies throughout the day with afternoon rain.
cloudy,2018-09-14,23.5,29.9,--,Cloudy skies throughout the day.
cloudy,2018-09-15,24,21.9,--,Cloudy skies throughout the day.
rain,2018-09-16,23.6,23.1,rain,Partly cloudy throughout the day with late afternoon rain.
rain,2018-09-17,24.6,20.3,rain,Cloudy skies throughout the day with rain.
rain,2018-09-18,25.6,26.8,rain,Partly cloudy throughout the day with a chance of rain throughout the day.
partly-cloudy-day,2018-09-19,25.9,23.5,--,Partly cloudy throughout the day.
rain,2018-09-20,24,19.8,rain,Partly cloudy throughout the day with afternoon rain.
rain,2018-09-21,22.7,19.9,rain,Partly cloudy throughout the day with morning rain.
rain,2018-09-22,23.1,24.6,rain,Partly cloudy throughout the day with rain clearing later.
rain,2018-09-23,17.4,19.4,rain,Cloudy skies throughout the day with a chance of rain throughout the day.
rain,2018-09-24,18.5,23.4,rain,Cloudy skies throughout the day with a chance of rain throughout the day.
rain,2018-09-25,23,17.6,rain,Cloudy skies throughout the day with rain clearing later.
rain,2018-09-26,25,32.3,rain,Partly cloudy throughout the day with late afternoon rain.
rain,2018-09-27,18.4,19.6,rain,Cloudy skies throughout the day with rain.
rain,2018-09-28,18.8,18,rain,Partly cloudy throughout the day with rain clearing later.
partly-cloudy-day,2018-09-29,21.1,21.7,--,Clearing in the afternoon.
partly-cloudy-day,2018-09-30,19.9,14.4,--,Clearing in the afternoon.
partly-cloudy-day,2018-10-01,21.8,17.6,--,Partly cloudy throughout the day.
partly-cloudy-day,2018-10-02,23.3,21.8,--,Partly cloudy throughout the day.
partly-cloudy-day,2018-10-03,24.5,18.7,--,Becoming cloudy in the afternoon.
partly-cloudy-day,2018-10-04,24.3,29.4,--,Partly cloudy throughout the day.
cloudy,2018-10-05,21.2,24.2,--,Cloudy skies throughout the day.
rain,2018-10-06,21.5,13.8,rain,Cloudy skies throughout the day with early morning rain.
partly-cloudy-day,2018-10-07,23.9,15.1,--,Partly cloudy throughout the day.
partly-cloudy-day,2018-10-08,24.6,18.2,--,Partly cloudy throughout the day.
partly-cloudy-day,2018-10-09,24.6,12.5,--,Partly cloudy throughout the day.
rain,2018-10-10,24.9,16.6,rain,Partly cloudy throughout the day with afternoon rain.
rain,2018-10-11,24.8,32.3,rain,Cloudy skies throughout the day with rain.
rain,2018-10-12,16.6,41.7,rain,Partly cloudy throughout the day with rain clearing later.
rain,2018-10-13,13,30.5,rain,Partly cloudy throughout the day with morning rain.
rain,2018-10-14,12.5,13.9,rain,Partly cloudy throughout the day with rain in the morning and afternoon.
rain,2018-10-15,18.2,25.3,rain,Cloudy skies throughout the day with rain in the morning and afternoon.
partly-cloudy-day,2018-10-16,15.4,35,--,Partly cloudy throughout the day.
partly-cloudy-day,2018-10-17,15.8,27.7,--,Partly cloudy throughout the day.
partly-cloudy-day,2018-10-18,11.8,25.1,--,Clearing in the afternoon.
partly-cloudy-day,2018-10-19,12.4,23.9,--,Partly cloudy throughout the day.
rain,2018-10-20,15.6,23.7,rain,Partly cloudy throughout the day with rain.
rain,2018-10-21,10.3,37,rain,Partly cloudy throughout the day with early morning rain.
partly-cloudy-day,2018-10-22,8.9,25.2,--,Partly cloudy throughout the day.
partly-cloudy-day,2018-10-23,13.9,23.6,--,Partly cloudy throughout the day.
partly-cloudy-day,2018-10-24,11,32.1,--,Partly cloudy throughout the day.
partly-cloudy-day,2018-10-25,8.4,18,--,Partly cloudy throughout the day.
rain,2018-10-26,8.7,27.9,rain,Cloudy skies throughout the day with rain.
rain,2018-10-27,10.9,30.7,rain,Cloudy skies throughout the day with a chance of rain throughout the day.
rain,2018-10-28,12.4,22.1,rain,Partly cloudy throughout the day with rain.
rain,2018-10-29,12.5,28,rain,Partly cloudy throughout the day with afternoon rain.
partly-cloudy-day,2018-10-30,11.7,18.6,--,Partly cloudy throughout the day.
partly-cloudy-day,2018-10-31,13.4,19.8,--,Partly cloudy throughout the day.
partly-cloudy-day,2018-11-01,18,37.4,--,Partly cloudy throughout the day.
rain,2018-11-02,19.8,24,rain,Cloudy skies throughout the day with late afternoon rain.
rain,2018-11-03,12.9,31.3,rain,Partly cloudy throughout the day with rain clearing later.
partly-cloudy-day,2018-11-04,10.4,14.3,--,Partly cloudy throughout the day.
rain,2018-11-05,12.4,18.3,rain,Cloudy skies throughout the day with a chance of rain throughout the day.
rain,2018-11-06,13.8,21.6,rain,Partly cloudy throughout the day with rain.
partly-cloudy-day,2018-11-07,13.7,15.6,--,Partly cloudy throughout the day.
partly-cloudy-day,2018-11-08,12.6,26,--,Partly cloudy throughout the day.
rain,2018-11-09,9.5,17.6,rain,Cloudy skies throughout the day with a chance of rain throughout the day.
partly-cloudy-day,2018-11-10,6.1,47,--,Clearing in the afternoon.
clear-day,2018-11-11,3.7,14.1,--,Clear conditions throughout the day.
rain,2018-11-12,6.2,11.3,rain,Cloudy skies throughout the day with late afternoon rain.
rain,2018-11-13,8.1,25.5,rain,Cloudy skies throughout the day with rain clearing later.
partly-cloudy-day,2018-11-14,5.4,24.9,--,Partly cloudy throughout the day.
snow,2018-11-15,2.8,34.1,"rain, snow",Cloudy skies throughout the day with rain or snow.
rain,2018-11-16,6.8,28.9,rain,Partly cloudy throughout the day with early morning rain.
partly-cloudy-day,2018-11-17,7.1,21.4,--,Partly cloudy throughout the day.
partly-cloudy-day,2018-11-18,6.2,14.6,--,Partly cloudy throughout the day.
partly-cloudy-day,2018-11-19,9.2,13.2,--,Partly cloudy throughout the day.
partly-cloudy-day,2018-11-20,9.5,43,--,Partly cloudy throughout the day.
partly-cloudy-day,2018-11-21,6.3,31.9,--,Partly cloudy throughout the day.
partly-cloudy-day,2018-11-22,1,28.3,--,Partly cloudy throughout the day.
cloudy,2018-11-23,-0.3,16,--,Cloudy skies throughout the day.
rain,2018-11-24,4.6,27,rain,Cloudy skies throughout the day with rain.
rain,2018-11-25,8.4,17.8,rain,Clearing in the afternoon with morning rain.
rain,2018-11-26,9.4,25.5,rain,Partly cloudy throughout the day with rain.
partly-cloudy-day,2018-11-27,4.7,35.1,--,Partly cloudy throughout the day.
partly-cloudy-day,2018-11-28,2.1,40.8,--,Clearing in the afternoon.
partly-cloudy-day,2018-11-29,2.4,22.4,--,Partly cloudy throughout the day.
rain,2018-11-30,5.2,14,rain,Partly cloudy throughout the day with afternoon rain.
rain,2018-12-01,4.9,11.1,rain,Cloudy skies throughout the day with rain.
rain,2018-12-02,10.1,17.8,rain,Cloudy skies throughout the day with rain.
partly-cloudy-day,2018-12-03,12.3,23.7,--,Partly cloudy throughout the day.
partly-cloudy-day,2018-12-04,5.6,25.1,--,Partly cloudy throughout the day.
partly-cloudy-day,2018-12-05,2.2,16.6,--,Partly cloudy throughout the day.
partly-cloudy-day,2018-12-06,3.9,21.3,--,Partly cloudy throughout the day.
partly-cloudy-day,2018-12-07,3.5,28.4,--,Partly cloudy throughout the day.
partly-cloudy-day,2018-12-08,0.8,23.3,--,Partly cloudy throughout the day.
cloudy,2018-12-09,0.9,21.4,--,Cloudy skies throughout the day.
rain,2018-12-10,1.2,23.2,rain,Partly cloudy throughout the day with afternoon rain.
rain,2018-12-11,1.9,14.2,rain,Clear conditions throughout the day with morning rain.
partly-cloudy-day,2018-12-12,3.8,16.3,--,Partly cloudy throughout the day.
partly-cloudy-day,2018-12-13,6.6,10.5,--,Partly cloudy throughout the day.
rain,2018-12-14,6.6,13.5,rain,Cloudy skies throughout the day with rain.
rain,2018-12-15,10.8,29.1,rain,Cloudy skies throughout the day with a chance of rain throughout the day.
rain,2018-12-16,7.9,23.5,rain,Cloudy skies throughout the day with a chance of rain throughout the day.
partly-cloudy-day,2018-12-17,8.8,27.5,--,Partly cloudy throughout the day.
partly-cloudy-day,2018-12-18,5.3,26.1,--,Clearing in the afternoon.
partly-cloudy-day,2018-12-19,4.1,15,--,Partly cloudy throughout the day.
rain,2018-12-20,5.5,24,rain,Partly cloudy throughout the day with rain.
rain,2018-12-21,15.7,31.3,rain,Cloudy skies throughout the day with a chance of rain throughout the day.
rain,2018-12-22,8.5,34.4,rain,Partly cloudy throughout the day with early morning rain.
rain,2018-12-23,6.5,21,rain,Becoming cloudy in the afternoon with late afternoon rain.
partly-cloudy-day,2018-12-24,6.7,30.4,--,Partly cloudy throughout the day.
partly-cloudy-day,2018-12-25,3.5,16.6,--,Partly cloudy throughout the day.
clear-day,2018-12-26,3.3,14.2,--,Clear conditions throughout the day.
partly-cloudy-day,2018-12-27,5.9,15.3,--,Partly cloudy throughout the day.
rain,2018-12-28,9.6,17,rain,Cloudy skies throughout the day with a chance of rain throughout the day.
partly-cloudy-day,2018-12-29,9.3,26.7,--,Partly cloudy throughout the day.
partly-cloudy-day,2018-12-30,5.8,14,--,Partly cloudy throughout the day.
rain,2018-12-31,7,11,rain,Cloudy skies throughout the day with rain.
rain,2019-01-01,13.6,30.1,rain,Partly cloudy throughout the day with rain clearing later.
cloudy,2019-01-02,7.4,15.8,--,Cloudy skies throughout the day.
rain,2019-01-03,8,28.2,rain,Partly cloudy throughout the day with early morning rain.
rain,2019-01-04,6.1,13.8,rain,Partly cloudy throughout the day with rain.
rain,2019-01-05,9.5,29.5,rain,Partly cloudy throughout the day with a chance of rain throughout the day.
partly-cloudy-day,2019-01-06,8.9,32.5,--,Partly cloudy throughout the day.
partly-cloudy-day,2019-01-07,3.1,21.1,--,Partly cloudy throughout the day.
rain,2019-01-08,8.7,25.5,rain,Partly cloudy throughout the day with rain.
rain,2019-01-09,6.8,52.2,rain,Partly cloudy throughout the day with early morning rain.
partly-cloudy-day,2019-01-10,0.8,38.9,--,Partly cloudy throughout the day.
partly-cloudy-day,2019-01-11,0.4,34.6,--,Partly cloudy throughout the day.
snow,2019-01-12,-0.1,12.4,"rain, snow",Partly cloudy throughout the day with late afternoon rain or snow.
snow,2019-01-13,-0.9,26.2,"rain, snow",Partly cloudy throughout the day with a chance of rain or snow throughout the day.
snow,2019-01-14,-0.3,19.7,"rain, snow",Partly cloudy throughout the day with rain or snow clearing later.
partly-cloudy-day,2019-01-15,0.3,30.6,--,Partly cloudy throughout the day.
partly-cloudy-day,2019-01-16,1.5,29.1,--,Partly cloudy throughout the day.
rain,2019-01-17,2.4,18.2,"rain, snow",Cloudy skies throughout the day with late afternoon rain or snow.
snow,2019-01-18,2.4,11.6,"rain, snow",Partly cloudy throughout the day with early morning snow or rain.
rain,2019-01-19,3.6,14.4,rain,Cloudy skies throughout the day with late afternoon rain.
rain,2019-01-20,2.6,50.1,rain,Partly cloudy throughout the day with early morning rain.
clear-day,2019-01-21,-7.4,43.6,--,Clear conditions throughout the day.
partly-cloudy-day,2019-01-22,-4.3,21.3,--,Partly cloudy throughout the day.
partly-cloudy-day,2019-01-23,5,30.8,--,Partly cloudy throughout the day.
rain,2019-01-24,9.8,40.2,rain,Partly cloudy throughout the day with a chance of rain throughout the day.
partly-cloudy-day,2019-01-25,2.7,28.9,--,Becoming cloudy in the afternoon.
partly-cloudy-day,2019-01-26,0.7,12.1,--,Partly cloudy throughout the day.
partly-cloudy-day,2019-01-27,3.7,22.6,--,Partly cloudy throughout the day.
partly-cloudy-day,2019-01-28,1.3,22.8,--,Partly cloudy throughout the day.
snow,2019-01-29,1.4,27.3,"rain, snow",Partly cloudy throughout the day with rain or snow.
partly-cloudy-day,2019-01-30,-4.4,41.6,snow,Partly cloudy throughout the day.
clear-day,2019-01-31,-8.2,16,--,Clear conditions throughout the day.
snow,2019-02-01,-5.8,16.4,snow,Partly cloudy throughout the day with snow in the morning and afternoon.
partly-cloudy-day,2019-02-02,-2.1,17.7,snow,Partly cloudy throughout the day.
partly-cloudy-day,2019-02-03,4.3,10.8,--,Partly cloudy throughout the day.
partly-cloudy-day,2019-02-04,6.9,10.6,--,Partly cloudy throughout the day.
partly-cloudy-day,2019-02-05,11.4,16.5,--,Partly cloudy throughout the day.
rain,2019-02-06,10.3,16.2,rain,Becoming cloudy in the afternoon with late afternoon rain.
partly-cloudy-day,2019-02-07,10,14,--,Partly cloudy throughout the day.
rain,2019-02-08,9.1,39.4,rain,Partly cloudy throughout the day with early morning rain.
partly-cloudy-day,2019-02-09,0.3,34.4,--,Clearing in the afternoon.
rain,2019-02-10,0.7,16.6,"rain, snow",Partly cloudy throughout the day with late afternoon rain or snow.
snow,2019-02-11,1.8,19.5,"rain, snow",Cloudy skies throughout the day with a chance of rain or snow throughout the day.
snow,2019-02-12,3.1,21.7,"rain, snow",Cloudy skies throughout the day with a chance of rain or snow throughout the day.
rain,2019-02-13,5.9,26.9,rain,Partly cloudy throughout the day with early morning rain.
partly-cloudy-day,2019-02-14,6.1,18.3,--,Partly cloudy throughout the day.
partly-cloudy-day,2019-02-15,13.2,32.6,--,Partly cloudy throughout the day.
partly-cloudy-day,2019-02-16,6.1,33.2,--,Partly cloudy throughout the day.
rain,2019-02-17,2.1,15.8,rain,Partly cloudy throughout the day with late afternoon rain.
rain,2019-02-18,6,37.8,rain,Partly cloudy throughout the day with rain clearing later.
partly-cloudy-day,2019-02-19,2.4,26.8,"rain, snow",Becoming cloudy in the afternoon.
snow,2019-02-20,1,15.7,"rain, snow",Partly cloudy throughout the day with rain or snow.
snow,2019-02-21,7,15.7,"rain, snow",Partly cloudy throughout the day with morning rain or snow.
rain,2019-02-22,8.3,15.7,rain,Partly cloudy throughout the day with early morning rain.
rain,2019-02-23,4.5,16,rain,Cloudy skies throughout the day with rain.
rain,2019-02-24,7.8,30.7,rain,Partly cloudy throughout the day with rain clearing later.
rain,2019-02-25,7.3,48.7,rain,Clear conditions throughout the day with morning rain.
partly-cloudy-day,2019-02-26,6.1,21.4,--,Partly cloudy throughout the day.
partly-cloudy-day,2019-02-27,2.7,17.3,--,Partly cloudy throughout the day.
partly-cloudy-day,2019-02-28,6.1,31,--,Clearing in the afternoon.
snow,2019-03-01,2,21,"rain, snow",Cloudy skies throughout the day with rain or snow.
snow,2019-03-02,5.3,18.7,rain,Cloudy skies throughout the day with early morning snow or rain.
snow,2019-03-03,5,20,rain,Cloudy skies throughout the day with rain or snow.
snow,2019-03-04,2.8,28.3,rain,Partly cloudy throughout the day with rain or snow clearing later.
partly-cloudy-day,2019-03-05,0.7,36.6,--,Clearing in the afternoon.
partly-cloudy-day,2019-03-06,-2.4,37.5,--,Partly cloudy throughout the day.
partly-cloudy-day,2019-03-07,1,21.7,--,Partly cloudy throughout the day.
snow,2019-03-08,2,18.1,"rain, snow",Partly cloudy throughout the day with rain or snow.
rain,2019-03-09,3.9,16.3,rain,Partly cloudy throughout the day with late afternoon rain.
rain,2019-03-10,8.4,25,rain,Partly cloudy throughout the day with rain clearing later.
partly-cloudy-day,2019-03-11,13.1,35.1,--,Partly cloudy throughout the day.
clear-day,2019-03-12,8,28.5,--,Clear conditions throughout the day.
partly-cloudy-day,2019-03-13,7.9,20.4,--,Partly cloudy throughout the day.
partly-cloudy-day,2019-03-14,14.6,26.5,--,Partly cloudy throughout the day.
partly-cloudy-day,2019-03-15,20.4,41.3,--,Partly cloudy throughout the day.
partly-cloudy-day,2019-03-16,10.5,37.2,--,Partly cloudy throughout the day.
partly-cloudy-day,2019-03-17,7.1,21.8,--,Partly cloudy throughout the day.
partly-cloudy-day,2019-03-18,6.7,16,--,Partly cloudy throughout the day.
clear-day,2019-03-19,6.6,14.6,--,Clear conditions throughout the day.
partly-cloudy-day,2019-03-20,7.9,17.9,--,Partly cloudy throughout the day.
rain,2019-03-21,7.9,37.3,rain,Cloudy skies throughout the day with a chance of rain throughout the day.
rain,2019-03-22,8.2,39.8,rain,Partly cloudy throughout the day with rain.
clear-day,2019-03-23,7.2,35,--,Clear conditions throughout the day.
partly-cloudy-day,2019-03-24,10.4,20.4,--,Partly cloudy throughout the day.
partly-cloudy-day,2019-03-25,12.2,26.7,--,Partly cloudy throughout the day.
partly-cloudy-day,2019-03-26,7.4,28.9,--,Clearing in the afternoon.
partly-cloudy-day,2019-03-27,6.9,16.5,--,Partly cloudy throughout the day.
partly-cloudy-day,2019-03-28,9.4,25,--,Partly cloudy throughout the day.
partly-cloudy-day,2019-03-29,14.9,17.2,--,Partly cloudy throughout the day.
partly-cloudy-day,2019-03-30,17.5,28.2,--,Partly cloudy throughout the day.
rain,2019-03-31,13.3,41.6,rain,Partly cloudy throughout the day with rain in the morning and afternoon.
partly-cloudy-day,2019-04-01,5.2,32.1,--,Partly cloudy throughout the day.
rain,2019-04-02,6.6,19.3,rain,Partly cloudy throughout the day with late afternoon rain.
clear-day,2019-04-03,12.7,31.1,--,Clear conditions throughout the day.
partly-cloudy-day,2019-04-04,13.9,19.5,--,Partly cloudy throughout the day.
rain,2019-04-05,10.2,20,rain,Partly cloudy throughout the day with rain.
partly-cloudy-day,2019-04-06,13.4,14.1,--,Partly cloudy throughout the day.
partly-cloudy-day,2019-04-07,16.5,25.1,--,Partly cloudy throughout the day.
rain,2019-04-08,20.2,27.1,rain,Partly cloudy throughout the day with rain.
rain,2019-04-09,20.9,35.4,rain,Partly cloudy throughout the day with early morning rain.
partly-cloudy-day,2019-04-10,17.3,28.1,--,Partly cloudy throughout the day.
partly-cloudy-day,2019-04-11,13.1,28.3,--,Partly cloudy throughout the day.
rain,2019-04-12,15.2,21.4,rain,Partly cloudy throughout the day with rain.
rain,2019-04-13,19.8,15.8,rain,Partly cloudy throughout the day with rain clearing later.
partly-cloudy-day,2019-04-14,20.7,36.7,--,Partly cloudy throughout the day.
rain,2019-04-15,15.2,44.3,rain,Partly cloudy throughout the day with rain clearing later.
partly-cloudy-day,2019-04-16,13.7,21.5,--,Partly cloudy throughout the day.
partly-cloudy-day,2019-04-17,16.8,21.7,--,Partly cloudy throughout the day.
partly-cloudy-day,2019-04-18,18.5,28.5,--,Partly cloudy throughout the day.
rain,2019-04-19,21.2,30.1,rain,Partly cloudy throughout the day with rain.
rain,2019-04-20,20.2,33.9,rain,Partly cloudy throughout the day with early morning rain.
partly-cloudy-day,2019-04-21,16.4,20.4,--,Becoming cloudy in the afternoon.
partly-cloudy-day,2019-04-22,17.8,27.3,--,Partly cloudy throughout the day.
partly-cloudy-day,2019-04-23,20.1,23.5,--,Becoming cloudy in the afternoon.
partly-cloudy-day,2019-04-24,21.2,27.3,--,Partly cloudy throughout the day.
partly-cloudy-day,2019-04-25,19.5,17.7,--,Partly cloudy throughout the day.
rain,2019-04-26,17.6,27.3,rain,Partly cloudy throughout the day with a chance of rain throughout the day.
partly-cloudy-day,2019-04-27,17.1,47.2,--,Partly cloudy throughout the day.
rain,2019-04-28,15.7,32.6,rain,Partly cloudy throughout the day with early morning rain.
partly-cloudy-day,2019-04-29,12.3,21.9,--,Partly cloudy throughout the day.
partly-cloudy-day,2019-04-30,19.5,23,--,Partly cloudy throughout the day.
partly-cloudy-day,2019-05-01,17.6,23,--,Partly cloudy throughout the day.
rain,2019-05-02,20.4,21.2,rain,Partly cloudy throughout the day with rain.
partly-cloudy-day,2019-05-03,21.7,20.8,--,Clearing in the afternoon.
rain,2019-05-04,21,19.2,rain,Partly cloudy throughout the day with rain.
rain,2019-05-05,18,26.3,rain,Cloudy skies throughout the day with a chance of rain throughout the day.
partly-cloudy-day,2019-05-06,19.2,20.9,--,Partly cloudy throughout the day.
rain,2019-05-07,21.1,23.8,rain,Partly cloudy throughout the day with afternoon rain.
rain,2019-05-08,19.8,23.5,rain,Partly cloudy throughout the day with late afternoon rain.
partly-cloudy-day,2019-05-09,20,17.8,--,Partly cloudy throughout the day.
rain,2019-05-10,22.3,32.3,rain,Partly cloudy throughout the day with rain.
rain,2019-05-11,18.5,18,rain,Partly cloudy throughout the day with late afternoon rain.
rain,2019-05-12,14,26.6,rain,Cloudy skies throughout the day with a chance of rain throughout the day.
rain,2019-05-13,12.1,22.6,rain,Partly cloudy throughout the day with a chance of rain throughout the day.
partly-cloudy-day,2019-05-14,13.8,33.2,--,Partly cloudy throughout the day.
partly-cloudy-day,2019-05-15,17.4,24.7,--,Becoming cloudy in the afternoon.
rain,2019-05-16,19.1,23.1,rain,Clearing in the afternoon with morning rain.
partly-cloudy-day,2019-05-17,20.5,18.2,--,Partly cloudy throughout the day.
partly-cloudy-day,2019-05-18,23.2,14.6,--,Partly cloudy throughout the day.
rain,2019-05-19,24.2,23.6,rain,Partly cloudy throughout the day with early morning rain.
partly-cloudy-day,2019-05-20,26.8,28.3,--,Partly cloudy throughout the day.
partly-cloudy-day,2019-05-21,19.8,30.7,--,Becoming cloudy in the afternoon.
partly-cloudy-day,2019-05-22,18.3,17.3,--,Partly cloudy throughout the day.
rain,2019-05-23,20.9,45.2,rain,Partly cloudy throughout the day with afternoon rain.
partly-cloudy-day,2019-05-24,24.4,32.6,--,Partly cloudy throughout the day.
partly-cloudy-day,2019-05-25,22.7,21.4,--,Partly cloudy throughout the day.
rain,2019-05-26,25.6,20.1,rain,Becoming cloudy in the afternoon with rain.
rain,2019-05-27,25,23,rain,Partly cloudy throughout the day with rain clearing later.
rain,2019-05-28,25.8,21.4,rain,Partly cloudy throughout the day with morning rain.
rain,2019-05-29,28.3,30.6,rain,Partly cloudy throughout the day with late afternoon rain.
rain,2019-05-30,25.7,34.6,rain,Partly cloudy throughout the day with rain.
partly-cloudy-day,2019-05-31,24.7,16.5,--,Partly cloudy throughout the day.
partly-cloudy-day,2019-06-01,24.8,19.3,--,Partly cloudy throughout the day.
rain,2019-06-02,23.7,30.7,rain,Partly cloudy throughout the day with late afternoon rain.
partly-cloudy-day,2019-06-03,20.2,29.2,--,Partly cloudy throughout the day.
partly-cloudy-day,2019-06-04,19.6,21.2,--,Partly cloudy throughout the day.
rain,2019-06-05,23.5,23.6,rain,Partly cloudy throughout the day with late afternoon rain.
rain,2019-06-06,26.7,22.1,rain,Partly cloudy throughout the day with early morning rain.
partly-cloudy-day,2019-06-07,24.3,19.7,--,Partly cloudy throughout the day.
partly-cloudy-day,2019-06-08,24,30.8,--,Partly cloudy throughout the day.
rain,2019-06-09,20.9,31.9,rain,Partly cloudy throughout the day with rain.
rain,2019-06-10,20.8,19.9,rain,Partly cloudy throughout the day with a chance of rain throughout the day.
rain,2019-06-11,22.5,36.2,rain,Partly cloudy throughout the day with early morning rain.
rain,2019-06-12,20.9,21.4,rain,Partly cloudy throughout the day with late afternoon rain.
rain,2019-06-13,20,24.8,rain,Partly cloudy throughout the day with a chance of rain throughout the day.
partly-cloudy-day,2019-06-14,19.7,38,--,Partly cloudy throughout the day.
partly-cloudy-day,2019-06-15,22.2,30.9,--,Partly cloudy throughout the day.
partly-cloudy-day,2019-06-16,25.3,26.2,--,Partly cloudy throughout the day.
rain,2019-06-17,26.5,20.4,rain,Partly cloudy throughout the day with late afternoon rain.
rain,2019-06-18,24.8,21.6,rain,Partly cloudy throughout the day with rain.
rain,2019-06-19,25.5,18.8,rain,Partly cloudy throughout the day with rain.
rain,2019-06-20,27.1,28.3,rain,Partly cloudy throughout the day with rain.
partly-cloudy-day,2019-06-21,25.2,41.5,--,Partly cloudy throughout the day.
partly-cloudy-day,2019-06-22,23.8,23.4,--,Clearing in the afternoon.
partly-cloudy-day,2019-06-23,23.8,19.6,--,Partly cloudy throughout the day.
rain,2019-06-24,25.1,16.2,rain,Partly cloudy throughout the day with late afternoon rain.
rain,2019-06-25,27.1,25.2,rain,Partly cloudy throughout the day with early morning rain.
partly-cloudy-day,2019-06-26,28.2,21.9,--,Partly cloudy throughout the day.
rain,2019-06-27,27.9,22.9,rain,Partly cloudy throughout the day with late afternoon rain.
partly-cloudy-day,2019-06-28,27.6,31.9,--,Partly cloudy throughout the day.
rain,2019-06-29,27.8,20.1,rain,Partly cloudy throughout the day with rain.
rain,2019-06-30,28.2,38.1,rain,Partly cloudy throughout the day with early morning rain.
partly-cloudy-day,2019-07-01,25.8,18.8,--,Partly cloudy throughout the day.
rain,2019-07-02,26.5,21.7,rain,Partly cloudy throughout the day with late afternoon rain.
partly-cloudy-day,2019-07-03,28.3,20.6,--,Partly cloudy throughout the day.
rain,2019-07-04,27.4,21.1,rain,Partly cloudy throughout the day with rain.
rain,2019-07-05,28,21.3,rain,Clearing in the afternoon with early morning rain.
rain,2019-07-06,27.9,21.7,rain,Partly cloudy throughout the day with rain.
rain,2019-07-07,26.9,14.3,rain,Partly cloudy throughout the day with rain clearing later.
rain,2019-07-08,24.5,26.6,rain,Partly cloudy throughout the day with rain in the morning and afternoon.
partly-cloudy-day,2019-07-09,24.9,15.6,--,Partly cloudy throughout the day.
partly-cloudy-day,2019-07-10,26.1,19.6,--,Partly cloudy throughout the day.
rain,2019-07-11,26,35.9,rain,Partly cloudy throughout the day with rain.
partly-cloudy-day,2019-07-12,27.2,20.1,--,Becoming cloudy in the afternoon.
partly-cloudy-day,2019-07-13,27.8,16,--,Partly cloudy throughout the day.
partly-cloudy-day,2019-07-14,29.4,25,--,Partly cloudy throughout the day.
partly-cloudy-day,2019-07-15,27.9,19.6,--,Partly cloudy throughout the day.
partly-cloudy-day,2019-07-16,28.8,28.1,--,Partly cloudy throughout the day.
rain,2019-07-17,28.6,35,rain,Partly cloudy throughout the day with late afternoon rain.
partly-cloudy-day,2019-07-18,29.2,19.8,--,Partly cloudy throughout the day.
partly-cloudy-day,2019-07-19,30.8,21.4,--,Partly cloudy throughout the day.
partly-cloudy-day,2019-07-20,31.9,24,--,Becoming cloudy in the afternoon.
partly-cloudy-day,2019-07-21,32,23.4,--,Partly cloudy throughout the day.
rain,2019-07-22,28.4,31.3,rain,Becoming cloudy in the afternoon with rain.
rain,2019-07-23,22.9,23.8,rain,Partly cloudy throughout the day with a chance of rain throughout the day.
rain,2019-07-24,23.9,17.3,rain,Becoming cloudy in the afternoon with late afternoon rain.
rain,2019-07-25,24.7,15.6,rain,Partly cloudy throughout the day with late afternoon rain.
partly-cloudy-day,2019-07-26,26,14.2,--,Partly cloudy throughout the day.
clear-day,2019-07-27,26.5,17.8,--,Clear conditions throughout the day.
partly-cloudy-day,2019-07-28,27.8,19.5,--,Partly cloudy throughout the day.
partly-cloudy-day,2019-07-29,28.9,17.8,--,Partly cloudy throughout the day.
partly-cloudy-day,2019-07-30,29.2,23.4,--,Partly cloudy throughout the day.
rain,2019-07-31,26.9,16.8,rain,Partly cloudy throughout the day with late afternoon rain.
partly-cloudy-day,2019-08-01,26.6,19.4,--,Partly cloudy throughout the day.
rain,2019-08-02,26,21.6,rain,Partly cloudy throughout the day with morning rain.
rain,2019-08-03,27,23.5,rain,Partly cloudy throughout the day with late afternoon rain.
partly-cloudy-day,2019-08-04,28.5,17.7,--,Partly cloudy throughout the day.
partly-cloudy-day,2019-08-05,26.6,18,--,Partly cloudy throughout the day.
partly-cloudy-day,2019-08-06,27,24.3,--,Partly cloudy throughout the day.
rain,2019-08-07,26.9,47.8,rain,Partly cloudy throughout the day with rain.
partly-cloudy-day,2019-08-08,27.5,23.1,--,Becoming cloudy in the afternoon.
partly-cloudy-day,2019-08-09,28.4,23,--,Partly cloudy throughout the day.
partly-cloudy-day,2019-08-10,25.1,22.2,--,Partly cloudy throughout the day.
partly-cloudy-day,2019-08-11,24.9,20.3,--,Partly cloudy throughout the day.
partly-cloudy-day,2019-08-12,26.6,24.8,--,Partly cloudy throughout the day.
rain,2019-08-13,27,21.6,rain,Partly cloudy throughout the day with rain.
partly-cloudy-day,2019-08-14,27.8,26.5,--,Partly cloudy throughout the day.
rain,2019-08-15,26.3,17.2,rain,Partly cloudy throughout the day with rain.
rain,2019-08-16,26.6,15.8,rain,Partly cloudy throughout the day with afternoon rain.
partly-cloudy-day,2019-08-17,28.2,19.4,--,Partly cloudy throughout the day.
rain,2019-08-18,28.8,17.8,rain,Partly cloudy throughout the day with afternoon rain.
partly-cloudy-day,2019-08-19,29.8,16.4,--,Partly cloudy throughout the day.
rain,2019-08-20,28.1,27.4,rain,Partly cloudy throughout the day with rain.
rain,2019-08-21,27,25.4,rain,Partly cloudy throughout the day with late afternoon rain.
partly-cloudy-day,2019-08-22,29,25.2,--,Partly cloudy throughout the day.
rain,2019-08-23,22.6,23.4,rain,Partly cloudy throughout the day with rain.
rain,2019-08-24,22,19.4,rain,Becoming cloudy in the afternoon with morning rain.
partly-cloudy-day,2019-08-25,22,30.2,--,Partly cloudy throughout the day.
partly-cloudy-day,2019-08-26,21,21,--,Partly cloudy throughout the day.
partly-cloudy-day,2019-08-27,22.3,14.1,--,Partly cloudy throughout the day.
rain,2019-08-28,23.3,26.8,rain,Partly cloudy throughout the day with rain.
clear-day,2019-08-29,24.6,21.5,--,Clear conditions throughout the day.
partly-cloudy-day,2019-08-30,24.6,23.1,--,Partly cloudy throughout the day.
partly-cloudy-day,2019-08-31,26.5,20,--,Partly cloudy throughout the day.
partly-cloudy-day,2019-09-01,24.8,17.8,--,Partly cloudy throughout the day.
rain,2019-09-02,25.5,23.7,rain,Partly cloudy throughout the day with late afternoon rain.
partly-cloudy-day,2019-09-03,25.9,17.5,--,Partly cloudy throughout the day.
rain,2019-09-04,27.7,22.1,rain,Partly cloudy throughout the day with late afternoon rain.
rain,2019-09-05,24.4,21.6,rain,Partly cloudy throughout the day with early morning rain.
partly-cloudy-day,2019-09-06,21.8,29,--,Partly cloudy throughout the day.
partly-cloudy-day,2019-09-07,23.1,25.1,--,Partly cloudy throughout the day.
partly-cloudy-day,2019-09-08,23.7,12.3,--,Partly cloudy throughout the day.
rain,2019-09-09,24.8,11.9,rain,Partly cloudy throughout the day with afternoon rain.
partly-cloudy-day,2019-09-10,25,21.2,--,Partly cloudy throughout the day.
rain,2019-09-11,25.8,19.2,rain,Clearing in the afternoon with late afternoon rain.
rain,2019-09-12,28.5,24.8,rain,Partly cloudy throughout the day with late afternoon rain.
cloudy,2019-09-13,21.8,23,--,Cloudy skies throughout the day.
cloudy,2019-09-14,23.3,20.1,--,Cloudy skies throughout the day.
partly-cloudy-day,2019-09-15,26.3,16.4,--,Clearing in the afternoon.
partly-cloudy-day,2019-09-16,25.8,15.6,--,Partly cloudy throughout the day.
partly-cloudy-day,2019-09-17,24.4,21.4,--,Partly cloudy throughout the day.
partly-cloudy-day,2019-09-18,21.1,17.6,--,Becoming cloudy in the afternoon.
partly-cloudy-day,2019-09-19,18.8,14.4,--,Partly cloudy throughout the day.
partly-cloudy-day,2019-09-20,19.4,21.4,--,Partly cloudy throughout the day.
partly-cloudy-day,2019-09-21,23.1,14.1,--,Partly cloudy throughout the day.
partly-cloudy-day,2019-09-22,26.4,18.1,--,Partly cloudy throughout the day.
partly-cloudy-day,2019-09-23,27.4,24.1,--,Partly cloudy throughout the day.
partly-cloudy-day,2019-09-24,24.2,25.3,--,Becoming cloudy in the afternoon.
partly-cloudy-day,2019-09-25,21.8,20.2,--,Partly cloudy throughout the day.
partly-cloudy-day,2019-09-26,23.9,22.9,--,Partly cloudy throughout the day.
partly-cloudy-day,2019-09-27,22.9,16.2,--,Partly cloudy throughout the day.
partly-cloudy-day,2019-09-28,23.7,17.9,--,Partly cloudy throughout the day.
partly-cloudy-day,2019-09-29,26.3,21,--,Partly cloudy throughout the day.
rain,2019-09-30,21.8,19.2,rain,Partly cloudy throughout the day with rain in the morning and afternoon.
partly-cloudy-day,2019-10-01,24.7,18.6,--,Partly cloudy throughout the day.
partly-cloudy-day,2019-10-02,28.6,21.9,--,Partly cloudy throughout the day.
partly-cloudy-day,2019-10-03,24.7,19.6,--,Partly cloudy throughout the day.
partly-cloudy-day,2019-10-04,22.5,32.1,--,Partly cloudy throughout the day.
partly-cloudy-day,2019-10-05,14.5,24.8,--,Partly cloudy throughout the day.
cloudy,2019-10-06,19.8,21.6,--,Cloudy skies throughout the day.
rain,2019-10-07,23.2,31.6,rain,Partly cloudy throughout the day with late afternoon rain.
partly-cloudy-day,2019-10-08,18,31.4,--,Partly cloudy throughout the day.
partly-cloudy-day,2019-10-09,17.4,24.6,--,Partly cloudy throughout the day.
partly-cloudy-day,2019-10-10,18.6,22.7,--,Clearing in the afternoon.
clear-day,2019-10-11,18.4,21.8,--,Clear conditions throughout the day.
partly-cloudy-day,2019-10-12,17.5,19.8,--,Partly cloudy throughout the day.
rain,2019-10-13,15,17.8,rain,Partly cloudy throughout the day with afternoon rain.
clear-day,2019-10-14,17.4,17.8,--,Clear conditions throughout the day.
partly-cloudy-day,2019-10-15,16.6,15.9,--,Partly cloudy throughout the day.
rain,2019-10-16,15.3,35.9,rain,Partly cloudy throughout the day with rain.
partly-cloudy-day,2019-10-17,13,40.4,--,Partly cloudy throughout the day.
clear-day,2019-10-18,13.1,32.6,--,Clear conditions throughout the day.
partly-cloudy-day,2019-10-19,12.6,16.3,--,Becoming cloudy in the afternoon.
rain,2019-10-20,13.6,28.1,rain,Partly cloudy throughout the day with rain.
partly-cloudy-day,2019-10-21,15.7,22.4,--,Clearing in the afternoon.
rain,2019-10-22,15.6,22,rain,Partly cloudy throughout the day with rain.
clear-day,2019-10-23,14.6,26.2,--,Clear conditions throughout the day.
clear-day,2019-10-24,13.1,11.8,--,Clear conditions throughout the day.
partly-cloudy-day,2019-10-25,14.7,16.2,--,Partly cloudy throughout the day.
partly-cloudy-day,2019-10-26,16.6,17.4,--,Partly cloudy throughout the day.
rain,2019-10-27,20.5,28.9,rain,Partly cloudy throughout the day with a chance of rain throughout the day.
partly-cloudy-day,2019-10-28,16.4,15.6,--,Partly cloudy throughout the day.
partly-cloudy-day,2019-10-29,16.9,17,--,Partly cloudy throughout the day.
rain,2019-10-30,16.8,13.8,rain,Partly cloudy throughout the day with late afternoon rain.
rain,2019-10-31,20.5,40.3,rain,Partly cloudy throughout the day with a chance of rain throughout the day.
rain,2019-11-01,9.4,39.4,rain,Clear conditions throughout the day with rain.
clear-day,2019-11-02,7.4,20.7,--,Clear conditions throughout the day.
clear-day,2019-11-03,9,25,--,Clear conditions throughout the day.
partly-cloudy-day,2019-11-04,9.7,26.9,--,Partly cloudy throughout the day.
partly-cloudy-day,2019-11-05,11.4,14.1,--,Partly cloudy throughout the day.
clear-day,2019-11-06,10.8,20.7,--,Clear conditions throughout the day.
rain,2019-11-07,11.3,29.5,rain,Partly cloudy throughout the day with late afternoon rain.
partly-cloudy-day,2019-11-08,4.9,36.1,--,Becoming cloudy in the afternoon.
partly-cloudy-day,2019-11-09,3.2,19.7,--,Becoming cloudy in the afternoon.
partly-cloudy-day,2019-11-10,7.8,19.8,--,Partly cloudy throughout the day.
partly-cloudy-day,2019-11-11,12,22,--,Partly cloudy throughout the day.
rain,2019-11-12,7.2,33.7,rain,Partly cloudy throughout the day with a chance of rain throughout the day.
partly-cloudy-day,2019-11-13,-0.1,26.8,--,Partly cloudy throughout the day.
partly-cloudy-day,2019-11-14,1.6,15.7,--,Partly cloudy throughout the day.
partly-cloudy-day,2019-11-15,6.3,18.1,--,Partly cloudy throughout the day.
partly-cloudy-day,2019-11-16,5.1,30.6,--,Partly cloudy throughout the day.
cloudy,2019-11-17,5,27.9,--,Cloudy skies throughout the day.
rain,2019-11-18,6.1,17.8,rain,Partly cloudy throughout the day with late afternoon rain.
rain,2019-11-19,9,15,rain,Partly cloudy throughout the day with early morning rain.
partly-cloudy-day,2019-11-20,9.8,30.7,--,Partly cloudy throughout the day.
partly-cloudy-day,2019-11-21,8.7,20.1,--,Partly cloudy throughout the day.
rain,2019-11-22,10.1,30.5,rain,Partly cloudy throughout the day with rain in the morning and afternoon.
rain,2019-11-23,4.4,14.3,rain,Partly cloudy throughout the day with late afternoon rain.
rain,2019-11-24,7.4,38.4,rain,Partly cloudy throughout the day with rain clearing later.
partly-cloudy-day,2019-11-25,7.5,17.8,--,Partly cloudy throughout the day.
partly-cloudy-day,2019-11-26,9.3,14.4,--,Partly cloudy throughout the day.
rain,2019-11-27,11.3,38.4,rain,Partly cloudy throughout the day with morning rain.
partly-cloudy-day,2019-11-28,8.8,39.4,--,Partly cloudy throughout the day.
partly-cloudy-day,2019-11-29,6.9,28.4,--,Partly cloudy throughout the day.
cloudy,2019-11-30,6,17.5,--,Cloudy skies throughout the day.
rain,2019-12-01,5.8,17.9,rain,Cloudy skies throughout the day with rain in the morning and afternoon.
rain,2019-12-02,5.3,23.7,rain,Partly cloudy throughout the day with rain.
rain,2019-12-03,5.8,37.3,rain,Partly cloudy throughout the day with early morning rain.
rain,2019-12-04,5.8,20.4,rain,Partly cloudy throughout the day with rain.
rain,2019-12-05,6.1,31.3,rain,Clearing in the afternoon with afternoon rain.
partly-cloudy-day,2019-12-06,7.2,33.2,--,Partly cloudy throughout the day.
partly-cloudy-day,2019-12-07,4.6,25.9,--,Partly cloudy throughout the day.
partly-cloudy-day,2019-12-08,4,17.8,--,Partly cloudy throughout the day.
rain,2019-12-09,8.1,29.6,rain,Cloudy skies throughout the day with a chance of rain throughout the day.
rain,2019-12-10,12.2,30.6,rain,Partly cloudy throughout the day with rain.
snow,2019-12-11,2.8,35.7,"rain, snow",Clearing in the afternoon with early morning snow or rain.
partly-cloudy-day,2019-12-12,1.1,24.2,--,Partly cloudy throughout the day.
rain,2019-12-13,3.5,15.8,rain,Cloudy skies throughout the day with rain.
rain,2019-12-14,7.6,34.1,rain,Partly cloudy throughout the day with a chance of rain throughout the day.
partly-cloudy-day,2019-12-15,7.7,26.7,--,Partly cloudy throughout the day.
snow,2019-12-16,2.5,22.8,"rain, snow",Partly cloudy throughout the day with rain or snow.
rain,2019-12-17,3.9,29.1,rain,Partly cloudy throughout the day with rain.
partly-cloudy-day,2019-12-18,2.2,43.4,--,Becoming cloudy in the afternoon.
clear-day,2019-12-19,-2.2,40.4,--,Clear conditions throughout the day.
partly-cloudy-day,2019-12-20,0.2,15.3,--,Partly cloudy throughout the day.
partly-cloudy-day,2019-12-21,0.4,9.9,--,Partly cloudy throughout the day.
partly-cloudy-day,2019-12-22,1.8,14.6,--,Partly cloudy throughout the day.
partly-cloudy-day,2019-12-23,4,14.2,--,Partly cloudy throughout the day.
partly-cloudy-day,2019-12-24,5.5,20,--,Partly cloudy throughout the day.
partly-cloudy-day,2019-12-25,3.3,10.5,--,Partly cloudy throughout the day.
partly-cloudy-day,2019-12-26,5.4,11,--,Partly cloudy throughout the day.
partly-cloudy-day,2019-12-27,7.8,16.1,--,Partly cloudy throughout the day.
partly-cloudy-day,2019-12-28,10,21.2,--,Partly cloudy throughout the day.
rain,2019-12-29,9.3,12.1,rain,Cloudy skies throughout the day with rain.
rain,2019-12-30,12.7,23.6,rain,Partly cloudy throughout the day with a chance of rain throughout the day.
partly-cloudy-day,2019-12-31,8.6,24.6,--,Partly cloudy throughout the day.
partly-cloudy-day,2020-01-01,6.8,23.6,--,Clearing in the afternoon.
partly-cloudy-day,2020-01-02,5.7,14.2,--,Partly cloudy throughout the day.
rain,2020-01-03,10.1,17.4,rain,Partly cloudy throughout the day with a chance of rain throughout the day.
rain,2020-01-04,11.6,26.9,rain,Partly cloudy throughout the day with a chance of rain throughout the day.
partly-cloudy-day,2020-01-05,4.8,34.5,--,Partly cloudy throughout the day.
partly-cloudy-day,2020-01-06,6.7,27,--,Clearing in the afternoon.
snow,2020-01-07,2.7,22,"rain, snow",Partly cloudy throughout the day with rain or snow.
partly-cloudy-day,2020-01-08,3,36.1,"rain, snow",Partly cloudy throughout the day.
partly-cloudy-day,2020-01-09,0.9,21.1,--,Partly cloudy throughout the day.
partly-cloudy-day,2020-01-10,7.2,19.8,--,Partly cloudy throughout the day.
partly-cloudy-day,2020-01-11,15.6,39.1,--,Partly cloudy throughout the day.
rain,2020-01-12,17.3,46.6,rain,Partly cloudy throughout the day with rain clearing later.
partly-cloudy-day,2020-01-13,8.9,14,--,Partly cloudy throughout the day.
rain,2020-01-14,8.2,12.4,rain,Cloudy skies throughout the day with rain in the morning and afternoon.
partly-cloudy-day,2020-01-15,9.7,17.5,--,Partly cloudy throughout the day.
partly-cloudy-day,2020-01-16,9.3,43.7,--,Becoming cloudy in the afternoon.
partly-cloudy-day,2020-01-17,1.2,40.3,--,Partly cloudy throughout the day.
snow,2020-01-18,0,31.1,"rain, snow",Partly cloudy throughout the day with rain or snow.
rain,2020-01-19,4.2,37.8,rain,Partly cloudy throughout the day with early morning rain.
clear-day,2020-01-20,-1.5,32.1,--,Clear conditions throughout the day.
clear-day,2020-01-21,-1.3,27.1,--,Clear conditions throughout the day.
partly-cloudy-day,2020-01-22,-0.4,14.4,--,Partly cloudy throughout the day.
partly-cloudy-day,2020-01-23,1.8,9.9,--,Partly cloudy throughout the day.
partly-cloudy-day,2020-01-24,6.1,18.6,--,Partly cloudy throughout the day.
rain,2020-01-25,8.9,22.6,rain,Partly cloudy throughout the day with a chance of rain throughout the day.
partly-cloudy-day,2020-01-26,6.3,24,--,Partly cloudy throughout the day.
partly-cloudy-day,2020-01-27,5.7,25.2,--,Partly cloudy throughout the day.
partly-cloudy-day,2020-01-28,6.3,33.8,--,Partly cloudy throughout the day.
partly-cloudy-day,2020-01-29,5,26.2,--,Partly cloudy throughout the day.
partly-cloudy-day,2020-01-30,2.2,14.8,--,Partly cloudy throughout the day.
rain,2020-01-31,4.1,10.7,rain,Partly cloudy throughout the day with late afternoon rain.
rain,2020-02-01,5.3,20.5,rain,Partly cloudy throughout the day with late afternoon rain.
rain,2020-02-02,6.9,25.2,rain,Partly cloudy throughout the day with rain in the morning and afternoon.
partly-cloudy-day,2020-02-03,12.2,14.7,--,Partly cloudy throughout the day.
rain,2020-02-04,14,16,rain,Partly cloudy throughout the day with morning rain.
rain,2020-02-05,7.5,30.7,rain,Partly cloudy throughout the day with rain.
rain,2020-02-06,5.7,18,rain,Cloudy skies throughout the day with a chance of rain throughout the day.
rain,2020-02-07,8.9,40.1,rain,Partly cloudy throughout the day with rain clearing later.
partly-cloudy-day,2020-02-08,3.5,20.2,--,Partly cloudy throughout the day.
partly-cloudy-day,2020-02-09,5.1,23.6,--,Clearing in the afternoon.
rain,2020-02-10,7.8,33.3,rain,Partly cloudy throughout the day with rain.
rain,2020-02-11,11.4,24.9,rain,Partly cloudy throughout the day with a chance of rain throughout the day.
rain,2020-02-12,7.4,22.4,rain,Partly cloudy throughout the day with late afternoon rain.
rain,2020-02-13,9,37.1,rain,Partly cloudy throughout the day with a chance of rain throughout the day.
partly-cloudy-day,2020-02-14,2.6,32.7,--,Partly cloudy throughout the day.
partly-cloudy-day,2020-02-15,-1.5,21.2,--,Partly cloudy throughout the day.
partly-cloudy-day,2020-02-16,4.5,17.6,--,Partly cloudy throughout the day.
partly-cloudy-day,2020-02-17,7.5,20,--,Partly cloudy throughout the day.
partly-cloudy-day,2020-02-18,9.6,24.5,--,Partly cloudy throughout the day.
rain,2020-02-19,8.8,32.5,rain,Partly cloudy throughout the day with early morning rain.
partly-cloudy-day,2020-02-20,3.2,30.5,--,Partly cloudy throughout the day.
clear-day,2020-02-21,-0.1,32.9,--,Clear conditions throughout the day.
clear-day,2020-02-22,4,19.8,--,Clear conditions throughout the day.
clear-day,2020-02-23,6.5,16.5,--,Clear conditions throughout the day.
partly-cloudy-day,2020-02-24,8,22,--,Partly cloudy throughout the day.
rain,2020-02-25,9.9,12.9,rain,Cloudy skies throughout the day with morning rain.
rain,2020-02-26,10.1,17.7,rain,Cloudy skies throughout the day with late afternoon rain.
rain,2020-02-27,4.6,38.7,rain,Partly cloudy throughout the day with early morning rain.
partly-cloudy-day,2020-02-28,3.9,25.5,--,Partly cloudy throughout the day.
partly-cloudy-day,2020-02-29,1.5,40.6,--,Partly cloudy throughout the day.
clear-day,2020-03-01,4,18.6,--,Clear conditions throughout the day.
rain,2020-03-02,11.1,29.4,rain,Partly cloudy throughout the day with late afternoon rain.
rain,2020-03-03,12.1,40,rain,Partly cloudy throughout the day with rain.
partly-cloudy-day,2020-03-04,13.1,30.6,--,Partly cloudy throughout the day.
partly-cloudy-day,2020-03-05,9.1,39.3,--,Partly cloudy throughout the day.
rain,2020-03-06,6.7,26.9,rain,Partly cloudy throughout the day with rain.
partly-cloudy-day,2020-03-07,7.3,44.3,--,Clearing in the afternoon.
partly-cloudy-day,2020-03-08,9.1,21.6,--,Partly cloudy throughout the day.
partly-cloudy-day,2020-03-09,13.9,19.5,--,Partly cloudy throughout the day.
rain,2020-03-10,16.8,36.5,rain,Partly cloudy throughout the day with morning rain.
partly-cloudy-day,2020-03-11,11.4,25.8,--,Partly cloudy throughout the day.
cloudy,2020-03-12,12,16.4,--,Cloudy skies throughout the day.
rain,2020-03-13,16.4,32.8,rain,Partly cloudy throughout the day with rain clearing later.
rain,2020-03-14,11.2,30.4,rain,Partly cloudy throughout the day with late afternoon rain.
rain,2020-03-15,7.1,23.1,rain,Partly cloudy throughout the day with rain clearing later.
partly-cloudy-day,2020-03-16,8,23.1,--,Becoming cloudy in the afternoon.
rain,2020-03-17,11.1,24.8,rain,Partly cloudy throughout the day with morning rain.
rain,2020-03-18,10.7,22.8,rain,Becoming cloudy in the afternoon with late afternoon rain.
rain,2020-03-19,14.5,17.8,rain,Partly cloudy throughout the day with rain clearing later.
rain,2020-03-20,21.3,40.1,rain,Partly cloudy throughout the day with afternoon rain.
rain,2020-03-21,12.6,29.4,rain,Partly cloudy throughout the day with rain clearing later.
partly-cloudy-day,2020-03-22,8,30.9,--,Partly cloudy throughout the day.
rain,2020-03-23,6.6,24.1,rain,Partly cloudy throughout the day with a chance of rain throughout the day.
partly-cloudy-day,2020-03-24,9.3,23.7,--,Partly cloudy throughout the day.
rain,2020-03-25,8.5,28.1,rain,Partly cloudy throughout the day with rain.
partly-cloudy-day,2020-03-26,10.6,21.8,--,Partly cloudy throughout the day.
partly-cloudy-day,2020-03-27,15.4,17.8,--,Partly cloudy throughout the day.
rain,2020-03-28,13.1,26.3,rain,Cloudy skies throughout the day with rain clearing later.
partly-cloudy-day,2020-03-29,13.5,22.2,--,Partly cloudy throughout the day.
partly-cloudy-day,2020-03-30,15.7,32.1,--,Partly cloudy throughout the day.
rain,2020-03-31,10.6,25.4,rain,Partly cloudy throughout the day with late afternoon rain.
rain,2020-04-01,9,26.7,rain,Partly cloudy throughout the day with early morning rain.
partly-cloudy-day,2020-04-02,12,42.1,--,Partly cloudy throughout the day.
partly-cloudy-day,2020-04-03,13.6,42.6,--,Partly cloudy throughout the day.
cloudy,2020-04-04,12.4,22.6,--,Cloudy skies throughout the day.
partly-cloudy-day,2020-04-05,13.8,17.4,--,Partly cloudy throughout the day.
partly-cloudy-day,2020-04-06,16.6,19.7,--,Partly cloudy throughout the day.
rain,2020-04-07,15.7,17.6,rain,Partly cloudy throughout the day with afternoon rain.
rain,2020-04-08,18.9,29.1,rain,Partly cloudy throughout the day with rain clearing later.
rain,2020-04-09,15.2,49.2,rain,Partly cloudy throughout the day with morning rain.
partly-cloudy-day,2020-04-10,8.5,45.2,--,Partly cloudy throughout the day.
partly-cloudy-day,2020-04-11,10.5,28.8,--,Partly cloudy throughout the day.
rain,2020-04-12,14.4,29.3,rain,Partly cloudy throughout the day with late afternoon rain.
rain,2020-04-13,19.4,39.3,rain,Partly cloudy throughout the day with a chance of rain throughout the day.
rain,2020-04-14,11.3,33.4,rain,Partly cloudy throughout the day with late afternoon rain.
rain,2020-04-15,7.6,24.9,rain,Partly cloudy throughout the day with rain clearing later.
partly-cloudy-day,2020-04-16,8.5,32.8,--,Clearing in the afternoon.
partly-cloudy-day,2020-04-17,9.6,25.1,--,Partly cloudy throughout the day.
rain,2020-04-18,10.2,44,rain,Partly cloudy throughout the day with rain in the morning and afternoon.
partly-cloudy-day,2020-04-19,11.6,28.6,--,Becoming cloudy in the afternoon.
partly-cloudy-day,2020-04-20,13.6,21.4,--,Partly cloudy throughout the day.
rain,2020-04-21,13.2,41.7,rain,Partly cloudy throughout the day with afternoon rain.
partly-cloudy-day,2020-04-22,10.2,30.6,--,Partly cloudy throughout the day.
rain,2020-04-23,12.2,17.2,rain,Partly cloudy throughout the day with rain.
rain,2020-04-24,12.8,20.8,rain,Cloudy skies throughout the day with rain clearing later.
rain,2020-04-25,13,21.7,rain,Partly cloudy throughout the day with late afternoon rain.
rain,2020-04-26,11.7,21,rain,Cloudy skies throughout the day with a chance of rain throughout the day.
rain,2020-04-27,10.7,32.1,rain,Partly cloudy throughout the day with rain clearing later.
rain,2020-04-28,10.6,18,rain,Partly cloudy throughout the day with rain.
partly-cloudy-day,2020-04-29,16.3,30,--,Partly cloudy throughout the day.
rain,2020-04-30,17,36.4,rain,Partly cloudy throughout the day with a chance of rain throughout the day.
rain,2020-05-01,14.9,25.7,rain,Partly cloudy throughout the day with rain clearing later.
partly-cloudy-day,2020-05-02,16.3,26.1,--,Partly cloudy throughout the day.
rain,2020-05-03,18.6,21.4,rain,Partly cloudy throughout the day with rain.
rain,2020-05-04,19.2,44.9,rain,Clearing in the afternoon with early morning rain.
rain,2020-05-05,12.3,24,rain,Partly cloudy throughout the day with late afternoon rain.
rain,2020-05-06,11.2,27,rain,Partly cloudy throughout the day with a chance of rain throughout the day.
rain,2020-05-07,13.3,24.7,rain,Partly cloudy throughout the day with early morning rain.
rain,2020-05-08,14,40,rain,Partly cloudy throughout the day with rain.
partly-cloudy-day,2020-05-09,6.8,40.8,--,Partly cloudy throughout the day.
partly-cloudy-day,2020-05-10,11.1,30.4,--,Partly cloudy throughout the day.
rain,2020-05-11,12.6,38.9,rain,Partly cloudy throughout the day with morning rain.
partly-cloudy-day,2020-05-12,11.8,26.4,--,Partly cloudy throughout the day.
partly-cloudy-day,2020-05-13,14.4,16.7,--,Partly cloudy throughout the day.
rain,2020-05-14,16.1,19.7,rain,Partly cloudy throughout the day with rain.
rain,2020-05-15,22.8,32.4,rain,Partly cloudy throughout the day with early morning rain.
partly-cloudy-day,2020-05-16,23.3,20.3,--,Partly cloudy throughout the day.
partly-cloudy-day,2020-05-17,18,19.7,--,Partly cloudy throughout the day.
cloudy,2020-05-18,16.6,27.8,--,Cloudy skies throughout the day.
partly-cloudy-day,2020-05-19,16.6,40.4,--,Partly cloudy throughout the day.
partly-cloudy-day,2020-05-20,14,33.9,--,Partly cloudy throughout the day.
partly-cloudy-day,2020-05-21,15.9,26.1,--,Partly cloudy throughout the day.
rain,2020-05-22,19.5,19.5,rain,Partly cloudy throughout the day with a chance of rain throughout the day.
rain,2020-05-23,22.8,22.9,rain,Partly cloudy throughout the day with rain clearing later.
cloudy,2020-05-24,18,20.9,--,Cloudy skies throughout the day.
partly-cloudy-day,2020-05-25,19.7,14,--,Partly cloudy throughout the day.
partly-cloudy-day,2020-05-26,21.2,16.1,--,Partly cloudy throughout the day.
partly-cloudy-day,2020-05-27,22.2,17.5,--,Partly cloudy throughout the day.
rain,2020-05-28,23.8,25.5,rain,Partly cloudy throughout the day with a chance of rain throughout the day.
partly-cloudy-day,2020-05-29,26,30.3,--,Partly cloudy throughout the day.
rain,2020-05-30,24.3,32.7,rain,Partly cloudy throughout the day with early morning rain.
partly-cloudy-day,2020-05-31,20.4,28.5,--,Becoming cloudy in the afternoon.
partly-cloudy-day,2020-06-01,18.5,21.1,--,Partly cloudy throughout the day.
partly-cloudy-day,2020-06-02,19.3,21.8,--,Partly cloudy throughout the day.
partly-cloudy-day,2020-06-03,26.6,28.5,--,Partly cloudy throughout the day.
rain,2020-06-04,27.6,20.2,rain,Partly cloudy throughout the day with late afternoon rain.
rain,2020-06-05,24.8,24.1,rain,Partly cloudy throughout the day with rain.
rain,2020-06-06,27.1,25.6,rain,Partly cloudy throughout the day with early morning rain.
rain,2020-06-07,24.3,23.2,rain,Partly cloudy throughout the day with early morning rain.
partly-cloudy-day,2020-06-08,22.9,19.4,--,Partly cloudy throughout the day.
partly-cloudy-day,2020-06-09,25.4,22.8,--,Partly cloudy throughout the day.
partly-cloudy-day,2020-06-10,27.8,35.9,--,Partly cloudy throughout the day.
rain,2020-06-11,26.4,26.9,rain,Partly cloudy throughout the day with a chance of rain throughout the day.
partly-cloudy-day,2020-06-12,26.2,19.8,--,Partly cloudy throughout the day.
partly-cloudy-day,2020-06-13,22.6,22.7,--,Partly cloudy throughout the day.
partly-cloudy-day,2020-06-14,21.1,23,--,Partly cloudy throughout the day.
partly-cloudy-day,2020-06-15,21,24.8,--,Partly cloudy throughout the day.
partly-cloudy-day,2020-06-16,21.1,28.1,--,Partly cloudy throughout the day.
rain,2020-06-17,20,27.6,rain,Partly cloudy throughout the day with rain.
rain,2020-06-18,23.1,19.7,rain,Partly cloudy throughout the day with rain clearing later.
rain,2020-06-19,23.8,20.2,rain,Partly cloudy throughout the day with rain.
rain,2020-06-20,22.5,15.4,rain,Partly cloudy throughout the day with afternoon rain.
partly-cloudy-day,2020-06-21,24.6,19.6,--,Partly cloudy throughout the day.
rain,2020-06-22,25.5,24.4,rain,Partly cloudy throughout the day with late afternoon rain.
partly-cloudy-day,2020-06-23,26.1,23.6,--,Partly cloudy throughout the day.
partly-cloudy-day,2020-06-24,26.5,23.9,--,Partly cloudy throughout the day.
partly-cloudy-day,2020-06-25,25.2,16.1,--,Partly cloudy throughout the day.
partly-cloudy-day,2020-06-26,26,29.6,--,Partly cloudy throughout the day.
rain,2020-06-27,27.5,24.9,rain,Partly cloudy throughout the day with late afternoon rain.
partly-cloudy-day,2020-06-28,28,19.7,--,Partly cloudy throughout the day.
partly-cloudy-day,2020-06-29,28.7,27.1,--,Becoming cloudy in the afternoon.
partly-cloudy-day,2020-06-30,27.9,20.4,--,Clearing in the afternoon.
rain,2020-07-01,25.9,19.5,rain,Partly cloudy throughout the day with rain.
partly-cloudy-day,2020-07-02,27.8,19.7,--,Becoming cloudy in the afternoon.
partly-cloudy-day,2020-07-03,30.3,20.2,--,Partly cloudy throughout the day.
rain,2020-07-04,29.2,17.7,rain,Becoming cloudy in the afternoon with afternoon rain.
partly-cloudy-day,2020-07-05,28.4,24.7,--,Partly cloudy throughout the day.
rain,2020-07-06,28,53.6,rain,Partly cloudy throughout the day with late afternoon rain.
rain,2020-07-07,26,35.3,rain,Partly cloudy throughout the day with early morning rain.
partly-cloudy-day,2020-07-08,28.2,19.4,--,Partly cloudy throughout the day.
partly-cloudy-day,2020-07-09,27.9,17.5,--,Partly cloudy throughout the day.
partly-cloudy-day,2020-07-10,27.9,25.2,--,Partly cloudy throughout the day.
partly-cloudy-day,2020-07-11,28.5,26.9,--,Partly cloudy throughout the day.
rain,2020-07-12,27.3,19.4,rain,Becoming cloudy in the afternoon with rain.
rain,2020-07-13,26.8,15.6,rain,Partly cloudy throughout the day with late afternoon rain.
rain,2020-07-14,27.1,20.9,rain,Partly cloudy throughout the day with early morning rain.
partly-cloudy-day,2020-07-15,27.4,18,--,Becoming cloudy in the afternoon.
partly-cloudy-day,2020-07-16,26.7,24.1,--,Partly cloudy throughout the day.
partly-cloudy-day,2020-07-17,29,20.3,--,Partly cloudy throughout the day.
partly-cloudy-day,2020-07-18,31,14.2,--,Partly cloudy throughout the day.
partly-cloudy-day,2020-07-19,31.2,19.7,--,Partly cloudy throughout the day.
rain,2020-07-20,30.8,23.8,rain,Partly cloudy throughout the day with late afternoon rain.
rain,2020-07-21,29.5,14.4,rain,Partly cloudy throughout the day with late afternoon rain.
rain,2020-07-22,26.2,44.3,rain,Partly cloudy throughout the day with rain.
rain,2020-07-23,27.3,43.2,rain,Partly cloudy throughout the day with late afternoon rain.
rain,2020-07-24,26.1,16.4,rain,Partly cloudy throughout the day with a chance of rain throughout the day.
partly-cloudy-day,2020-07-25,27.9,14.6,--,Partly cloudy throughout the day.
partly-cloudy-day,2020-07-26,30.2,23.2,--,Partly cloudy throughout the day.
partly-cloudy-day,2020-07-27,30.8,21.4,--,Partly cloudy throughout the day.
partly-cloudy-day,2020-07-28,29.7,23,--,Partly cloudy throughout the day.
partly-cloudy-day,2020-07-29,28.7,21,--,Partly cloudy throughout the day.
rain,2020-07-30,28.8,36.1,rain,Partly cloudy throughout the day with late afternoon rain.
rain,2020-07-31,24.8,19.5,rain,Partly cloudy throughout the day with a chance of rain throughout the day.
partly-cloudy-day,2020-08-01,27.1,17.8,--,Partly cloudy throughout the day.
rain,2020-08-02,28.6,27.3,rain,Partly cloudy throughout the day with late afternoon rain.
rain,2020-08-03,26.4,15.7,rain,Partly cloudy throughout the day with rain.
rain,2020-08-04,24.7,38.3,rain,Partly cloudy throughout the day with rain.
rain,2020-08-05,26.3,15.2,rain,Becoming cloudy in the afternoon with early morning rain.
rain,2020-08-06,25.8,19.7,rain,Partly cloudy throughout the day with a chance of rain throughout the day.
rain,2020-08-07,26,20.2,rain,Partly cloudy throughout the day with late afternoon rain.
rain,2020-08-08,25.5,15.3,rain,Partly cloudy throughout the day with early morning rain.
rain,2020-08-09,26.9,19.7,rain,Partly cloudy throughout the day with late afternoon rain.
partly-cloudy-day,2020-08-10,28.1,23.1,--,Partly cloudy throughout the day.
partly-cloudy-day,2020-08-11,28.2,19.8,--,Partly cloudy throughout the day.
rain,2020-08-12,27.2,22.5,rain,Partly cloudy throughout the day with a chance of rain throughout the day.
rain,2020-08-13,25.7,14.3,rain,Partly cloudy throughout the day with rain.
rain,2020-08-14,26.2,21.2,rain,Partly cloudy throughout the day with rain.
rain,2020-08-15,24.5,19.4,rain,Partly cloudy throughout the day with a chance of rain throughout the day.
rain,2020-08-16,21.5,26.7,rain,Partly cloudy throughout the day with a chance of rain throughout the day.
rain,2020-08-17,23,19.6,rain,Becoming cloudy in the afternoon with rain.
partly-cloudy-day,2020-08-18,24.9,19.6,--,Partly cloudy throughout the day.
rain,2020-08-19,24.1,19.5,rain,Partly cloudy throughout the day with rain clearing later.
partly-cloudy-day,2020-08-20,24.1,15.4,--,Partly cloudy throughout the day.
partly-cloudy-day,2020-08-21,24.7,16,--,Partly cloudy throughout the day.
rain,2020-08-22,25.6,16,rain,Partly cloudy throughout the day with early morning rain.
rain,2020-08-23,27.3,21.5,rain,Partly cloudy throughout the day with morning rain.
rain,2020-08-24,26.9,17.6,rain,Partly cloudy throughout the day with afternoon rain.
rain,2020-08-25,27.3,25.3,rain,Becoming cloudy in the afternoon with late afternoon rain.
partly-cloudy-day,2020-08-26,26.4,21.6,--,Partly cloudy throughout the day.
partly-cloudy-day,2020-08-27,28.6,30.6,--,Partly cloudy throughout the day.
rain,2020-08-28,27.8,23.3,rain,Partly cloudy throughout the day with late afternoon rain.
rain,2020-08-29,25.6,20.1,rain,Partly cloudy throughout the day with a chance of rain throughout the day.
partly-cloudy-day,2020-08-30,24.5,23.1,--,Partly cloudy throughout the day.
rain,2020-08-31,22.2,14.1,rain,Partly cloudy throughout the day with rain.
rain,2020-09-01,23.4,14,rain,Partly cloudy throughout the day with rain.
rain,2020-09-02,26.5,24.8,rain,Partly cloudy throughout the day with rain clearing later.
rain,2020-09-03,27.6,33.8,rain,Partly cloudy throughout the day with late afternoon rain.
rain,2020-09-04,26.8,22.8,rain,Becoming cloudy in the afternoon with early morning rain.
partly-cloudy-day,2020-09-05,22.8,15.9,--,Partly cloudy throughout the day.
clear-day,2020-09-06,22.7,17.4,--,Clear conditions throughout the day.
partly-cloudy-day,2020-09-07,23,14.6,--,Partly cloudy throughout the day.
partly-cloudy-day,2020-09-08,24.3,12.1,--,Partly cloudy throughout the day.
rain,2020-09-09,24.1,25.4,rain,Partly cloudy throughout the day with rain.
rain,2020-09-10,25.1,14.8,rain,Partly cloudy throughout the day with a chance of rain throughout the day.
partly-cloudy-day,2020-09-11,24.8,25,--,Partly cloudy throughout the day.
rain,2020-09-12,21.9,17.6,rain,Partly cloudy throughout the day with early morning rain.
partly-cloudy-day,2020-09-13,21.9,17.9,--,Partly cloudy throughout the day.
rain,2020-09-14,23.2,25,rain,Partly cloudy throughout the day with morning rain.
partly-cloudy-day,2020-09-15,17,22.8,--,Partly cloudy throughout the day.
rain,2020-09-16,17.9,15.9,rain,Partly cloudy throughout the day with afternoon rain.
rain,2020-09-17,20.7,13.7,rain,Partly cloudy throughout the day with rain.
rain,2020-09-18,20.4,29.6,rain,Partly cloudy throughout the day with early morning rain.
partly-cloudy-day,2020-09-19,14.6,30,--,Partly cloudy throughout the day.
clear-day,2020-09-20,14.3,21.7,--,Clear conditions throughout the day.
clear-day,2020-09-21,14.3,21.5,--,Clear conditions throughout the day.
clear-day,2020-09-22,15.2,16.4,--,Clear conditions throughout the day.
rain,2020-09-23,19.9,17.8,rain,Partly cloudy throughout the day with morning rain.
partly-cloudy-day,2020-09-24,19,15.9,--,Partly cloudy throughout the day.
rain,2020-09-25,18.2,16,rain,Partly cloudy throughout the day with rain.
rain,2020-09-26,19.3,14.3,rain,Cloudy skies throughout the day with a chance of rain throughout the day.
rain,2020-09-27,21.8,10.7,rain,Partly cloudy throughout the day with a chance of rain throughout the day.
rain,2020-09-28,22.4,18,rain,Partly cloudy throughout the day with rain.
rain,2020-09-29,21.6,25.6,rain,Partly cloudy throughout the day with late afternoon rain.
rain,2020-09-30,17,26.6,rain,Clearing in the afternoon with early morning rain.
rain,2020-10-01,18.2,19.4,rain,Partly cloudy throughout the day with late afternoon rain.
rain,2020-10-02,16,23.4,rain,Partly cloudy throughout the day with rain clearing later.
clear-day,2020-10-03,14.5,19.5,--,Clear conditions throughout the day.
partly-cloudy-day,2020-10-04,14.9,11.9,--,Partly cloudy throughout the day.
rain,2020-10-05,16.4,27.1,rain,Partly cloudy throughout the day with rain clearing later.
clear-day,2020-10-06,15.8,19.6,--,Clear conditions throughout the day.
partly-cloudy-day,2020-10-07,19.8,28,--,Partly cloudy throughout the day.
clear-day,2020-10-08,17.8,27.5,--,Clear conditions throughout the day.
partly-cloudy-day,2020-10-09,15.7,21.8,--,Partly cloudy throughout the day.
cloudy,2020-10-10,18.5,18.5,--,Cloudy skies throughout the day.
rain,2020-10-11,19.7,17.6,rain,Cloudy skies throughout the day with rain.
rain,2020-10-12,16.5,33.4,rain,Cloudy skies throughout the day with a chance of rain throughout the day.
rain,2020-10-13,16.7,27.2,rain,Partly cloudy throughout the day with early morning rain.
partly-cloudy-day,2020-10-14,15.9,21,--,Partly cloudy throughout the day.
partly-cloudy-day,2020-10-15,18.5,28.8,--,Partly cloudy throughout the day.
rain,2020-10-16,15,24,rain,Cloudy skies throughout the day with a chance of rain throughout the day.
partly-cloudy-day,2020-10-17,12.2,18.4,--,Partly cloudy throughout the day.
partly-cloudy-day,2020-10-18,13.3,16.1,--,Becoming cloudy in the afternoon.
partly-cloudy-day,2020-10-19,17,15,--,Partly cloudy throughout the day.
partly-cloudy-day,2020-10-20,18.1,11.9,--,Partly cloudy throughout the day.
rain,2020-10-21,19.6,14.6,rain,Partly cloudy throughout the day with morning rain.
partly-cloudy-day,2020-10-22,20.3,12.4,--,Clearing in the afternoon.
partly-cloudy-day,2020-10-23,20,16.6,--,Partly cloudy throughout the day.
partly-cloudy-day,2020-10-24,19.2,25.1,--,Partly cloudy throughout the day.
rain,2020-10-25,9.9,22.9,rain,Cloudy skies throughout the day with a chance of rain throughout the day.
rain,2020-10-26,12.4,19.6,rain,Cloudy skies throughout the day with early morning rain.
cloudy,2020-10-27,16.2,14.2,--,Cloudy skies throughout the day.
cloudy,2020-10-28,18.5,20.1,--,Cloudy skies throughout the day.
rain,2020-10-29,14.9,29.3,rain,Cloudy skies throughout the day with a chance of rain throughout the day.
rain,2020-10-30,10.6,31.9,rain,Partly cloudy throughout the day with rain.
partly-cloudy-day,2020-10-31,8.2,22.5,--,Partly cloudy throughout the day.
rain,2020-11-01,11,43.9,rain,Cloudy skies throughout the day with rain in the morning and afternoon.
wind,2020-11-02,6.5,50.6,--,Clearing in the afternoon.
partly-cloudy-day,2020-11-03,10.9,32.7,--,Partly cloudy throughout the day.
clear-day,2020-11-04,11.4,17.2,--,Clear conditions throughout the day.
partly-cloudy-day,2020-11-05,13.4,19.6,--,Becoming cloudy in the afternoon.
partly-cloudy-day,2020-11-06,13.8,15.5,--,Clearing in the afternoon.
clear-day,2020-11-07,14.3,10.7,--,Clear conditions throughout the day.
clear-day,2020-11-08,15.5,13.4,--,Clear conditions throughout the day.
partly-cloudy-day,2020-11-09,16.5,14.4,--,Partly cloudy throughout the day.
partly-cloudy-day,2020-11-10,17.4,20,--,Partly cloudy throughout the day.
rain,2020-11-11,19,20.2,rain,Cloudy skies throughout the day with rain.
rain,2020-11-12,15.2,27.5,rain,Cloudy skies throughout the day with a chance of rain throughout the day.
partly-cloudy-day,2020-11-13,12.1,19.9,--,Partly cloudy throughout the day.
partly-cloudy-day,2020-11-14,10.9,16.5,--,Partly cloudy throughout the day.
rain,2020-11-15,14.3,32.3,rain,Partly cloudy throughout the day with late afternoon rain.
clear-day,2020-11-16,12.5,28.2,--,Clear conditions throughout the day.
partly-cloudy-day,2020-11-17,8.1,35.7,--,Becoming cloudy in the afternoon.
partly-cloudy-day,2020-11-18,4.2,32.4,--,Partly cloudy throughout the day.
partly-cloudy-day,2020-11-19,5.9,28.7,--,Partly cloudy throughout the day.
partly-cloudy-day,2020-11-20,10.7,24.8,--,Partly cloudy throughout the day.
partly-cloudy-day,2020-11-21,12.7,12.4,--,Partly cloudy throughout the day.
cloudy,2020-11-22,12.7,17.8,--,Cloudy skies throughout the day.
rain,2020-11-23,11,40.1,rain,Partly cloudy throughout the day with early morning rain.
partly-cloudy-day,2020-11-24,7.7,15.7,--,Becoming cloudy in the afternoon.
partly-cloudy-day,2020-11-25,10.1,28.5,--,Partly cloudy throughout the day.
rain,2020-11-26,15,20,rain,Clearing in the afternoon with early morning rain.
cloudy,2020-11-27,13.5,9,--,Cloudy skies throughout the day.
partly-cloudy-day,2020-11-28,11.4,24.3,--,Partly cloudy throughout the day.
partly-cloudy-day,2020-11-29,8.8,16.1,--,Becoming cloudy in the afternoon.
rain,2020-11-30,13.9,21.1,rain,Cloudy skies throughout the day with a chance of rain throughout the day.
rain,2020-12-01,7,28.9,rain,Cloudy skies throughout the day with rain clearing later.
partly-cloudy-day,2020-12-02,5.7,38,--,Clearing in the afternoon.
partly-cloudy-day,2020-12-03,6.3,14.8,--,Partly cloudy throughout the day.
rain,2020-12-04,9.6,16.4,rain,Cloudy skies throughout the day with late afternoon rain.
rain,2020-12-05,8,43.3,rain,Cloudy skies throughout the day with rain clearing later.
partly-cloudy-day,2020-12-06,4.9,28.9,--,Clearing in the afternoon.
partly-cloudy-day,2020-12-07,2.3,22.1,--,Partly cloudy throughout the day.
clear-day,2020-12-08,3.4,36.3,--,Clear conditions throughout the day.
partly-cloudy-day,2020-12-09,2.6,16,--,Partly cloudy throughout the day.
clear-day,2020-12-10,4.6,15.9,--,Clear conditions throughout the day.
partly-cloudy-day,2020-12-11,8.2,21.8,--,Partly cloudy throughout the day.
partly-cloudy-day,2020-12-12,10.4,25.1,--,Partly cloudy throughout the day.
partly-cloudy-day,2020-12-13,12.3,21.6,--,Partly cloudy throughout the day.
rain,2020-12-14,5.6,32.4,rain,Cloudy skies throughout the day with rain in the morning and afternoon.
partly-cloudy-day,2020-12-15,2.6,23.4,--,Partly cloudy throughout the day.
snow,2020-12-16,0.8,34.3,"rain, snow",Cloudy skies throughout the day with rain or snow.
snow,2020-12-17,0.9,27,"rain, snow",Partly cloudy throughout the day with early morning snow or rain.
cloudy,2020-12-18,1.7,15.4,--,Cloudy skies throughout the day.
partly-cloudy-day,2020-12-19,0.3,14.8,--,Partly cloudy throughout the day.
cloudy,2020-12-20,4.3,22,--,Cloudy skies throughout the day.
rain,2020-12-21,5.6,16.3,rain,Cloudy skies throughout the day with late afternoon rain.
rain,2020-12-22,7.1,39.6,rain,Partly cloudy throughout the day with early morning rain.
partly-cloudy-day,2020-12-23,4.6,23.8,--,Partly cloudy throughout the day.
rain,2020-12-24,11.7,32.8,rain,Cloudy skies throughout the day with rain.
rain,2020-12-25,2.1,28.9,rain,Cloudy skies throughout the day with rain clearing later.
partly-cloudy-day,2020-12-26,-1.5,20.4,--,Becoming cloudy in the afternoon.
partly-cloudy-day,2020-12-27,1,17.2,--,Partly cloudy throughout the day.
partly-cloudy-day,2020-12-28,6.1,19.5,--,Partly cloudy throughout the day.
partly-cloudy-day,2020-12-29,3.8,32.7,--,Clearing in the afternoon.
partly-cloudy-day,2020-12-30,3.8,29,--,Partly cloudy throughout the day.
cloudy,2020-12-31,8.6,28.8,--,Cloudy skies throughout the day.
rain,2021-01-01,3.1,26.1,rain,Cloudy skies throughout the day with rain.
rain,2021-01-02,7.2,22.5,rain,Partly cloudy throughout the day with early morning rain.
rain,2021-01-03,4.7,18.2,rain,Cloudy skies throughout the day with a chance of rain throughout the day.
partly-cloudy-day,2021-01-04,4.7,15.7,--,Partly cloudy throughout the day.
rain,2021-01-05,5,19.8,rain,Cloudy skies throughout the day with afternoon rain.
cloudy,2021-01-06,4.7,33.9,--,Cloudy skies throughout the day.
partly-cloudy-day,2021-01-07,4.2,31.1,--,Partly cloudy throughout the day.
partly-cloudy-day,2021-01-08,1.9,21.6,--,Partly cloudy throughout the day.
partly-cloudy-day,2021-01-09,3.5,32.5,--,Partly cloudy throughout the day.
partly-cloudy-day,2021-01-10,4.8,22.2,--,Partly cloudy throughout the day.
partly-cloudy-day,2021-01-11,2.4,12.7,--,Partly cloudy throughout the day.
partly-cloudy-day,2021-01-12,2.9,14.1,--,Partly cloudy throughout the day.
partly-cloudy-day,2021-01-13,3.9,15.8,--,Partly cloudy throughout the day.
partly-cloudy-day,2021-01-14,5.4,19.6,--,Partly cloudy throughout the day.
rain,2021-01-15,6.3,23.2,rain,Cloudy skies throughout the day with late afternoon rain.
partly-cloudy-day,2021-01-16,5.7,22.7,--,Partly cloudy throughout the day.
partly-cloudy-day,2021-01-17,4.6,21.4,--,Partly cloudy throughout the day.
partly-cloudy-day,2021-01-18,4.4,27.9,--,Partly cloudy throughout the day.
partly-cloudy-day,2021-01-19,5.1,26,--,Clearing in the afternoon.
partly-cloudy-day,2021-01-20,3.8,43.7,--,Partly cloudy throughout the day.
partly-cloudy-day,2021-01-21,4.3,21.6,--,Clearing in the afternoon.
partly-cloudy-day,2021-01-22,5.1,30.9,--,Becoming cloudy in the afternoon.
partly-cloudy-day,2021-01-23,0.6,35,--,Clearing in the afternoon.
partly-cloudy-day,2021-01-24,-0.2,18.4,--,Partly cloudy throughout the day.
rain,2021-01-25,2.2,16,"rain, snow",Cloudy skies throughout the day with late afternoon rain or snow.
snow,2021-01-26,1.6,15.6,"rain, snow",Cloudy skies throughout the day with a chance of rain or snow throughout the day.
cloudy,2021-01-27,4.1,27,--,Cloudy skies throughout the day.
rain,2021-01-28,0.4,43.7,"rain, snow",Clearing in the afternoon with afternoon rain or snow.
partly-cloudy-day,2021-01-29,-1.8,39.9,--,Partly cloudy throughout the day.
partly-cloudy-day,2021-01-30,-0.5,21.4,"rain, snow",Becoming cloudy in the afternoon.
snow,2021-01-31,-0.3,23.6,"rain, snow",Cloudy skies throughout the day with a chance of rain or snow throughout the day.
snow,2021-02-01,-0.3,30.5,"rain, snow",Cloudy skies throughout the day with rain or snow.
snow,2021-02-02,1.2,35.5,"rain, snow",Cloudy skies throughout the day with a chance of rain or snow throughout the day.
partly-cloudy-day,2021-02-03,2.5,36,--,Partly cloudy throughout the day.
partly-cloudy-day,2021-02-04,3.6,26.5,--,Partly cloudy throughout the day.
rain,2021-02-05,7.6,26.6,rain,Partly cloudy throughout the day with rain clearing later.
partly-cloudy-day,2021-02-06,5.8,25.6,--,Partly cloudy throughout the day.
snow,2021-02-07,3.3,24.7,"rain, snow",Partly cloudy throughout the day with a chance of rain or snow throughout the day.
rain,2021-02-08,-0.6,22.6,snow,Partly cloudy throughout the day with morning snow.
partly-cloudy-day,2021-02-09,4,22.8,--,Partly cloudy throughout the day.
rain,2021-02-10,2.8,15.3,"rain, snow",Cloudy skies throughout the day with rain or snow.
snow,2021-02-11,1.3,21.2,"rain, snow",Cloudy skies throughout the day with rain or snow clearing later.
cloudy,2021-02-12,-0.8,21.3,--,Cloudy skies throughout the day.
snow,2021-02-13,-1.1,21.2,"rain, snow",Cloudy skies throughout the day with rain or snow.
cloudy,2021-02-14,0.8,17.4,--,Cloudy skies throughout the day.
rain,2021-02-15,2.9,21.3,rain,Cloudy skies throughout the day with rain.
rain,2021-02-16,3.3,33.8,rain,Cloudy skies throughout the day with rain clearing later.
partly-cloudy-day,2021-02-17,-0.8,25.3,"rain, snow",Partly cloudy throughout the day.
snow,2021-02-18,-1.3,23.5,"rain, snow",Cloudy skies throughout the day with a chance of rain or snow throughout the day.
snow,2021-02-19,1.1,33,"rain, snow",Cloudy skies throughout the day with rain or snow clearing later.
partly-cloudy-day,2021-02-20,-1.3,33.4,--,Partly cloudy throughout the day.
partly-cloudy-day,2021-02-21,-0.3,20,--,Partly cloudy throughout the day.
snow,2021-02-22,1.3,23.6,"rain, snow",Partly cloudy throughout the day with rain or snow in the morning and afternoon.
rain,2021-02-23,6.2,34.5,"rain, snow",Partly cloudy throughout the day with morning rain or snow.
partly-cloudy-day,2021-02-24,8.5,27.3,--,Clearing in the afternoon.
clear-day,2021-02-25,9.9,40.4,--,Clear conditions throughout the day.
rain,2021-02-26,6.3,23,rain,Partly cloudy throughout the day with late afternoon rain.
snow,2021-02-27,6.5,17.2,rain,Cloudy skies throughout the day with rain or snow clearing later.
rain,2021-02-28,7.7,16.2,rain,Cloudy skies throughout the day with a chance of rain throughout the day.
rain,2021-03-01,8.2,35,rain,Partly cloudy throughout the day with a chance of rain throughout the day.
partly-cloudy-day,2021-03-02,3.2,33.1,--,Partly cloudy throughout the day.
clear-day,2021-03-03,7.1,27.2,--,Clear conditions throughout the day.
partly-cloudy-day,2021-03-04,7.7,34.6,--,Partly cloudy throughout the day.
clear-day,2021-03-05,1.9,33.5,--,Clear conditions throughout the day.
partly-cloudy-day,2021-03-06,3.8,24.2,--,Partly cloudy throughout the day.
clear-day,2021-03-07,3.3,27.5,--,Clear conditions throughout the day.
partly-cloudy-day,2021-03-08,5.3,22,--,Partly cloudy throughout the day.
partly-cloudy-day,2021-03-09,11.5,19.8,--,Partly cloudy throughout the day.
partly-cloudy-day,2021-03-10,13.5,18.1,--,Partly cloudy throughout the day.
partly-cloudy-day,2021-03-11,17.6,28,--,Partly cloudy throughout the day.
partly-cloudy-day,2021-03-12,17.1,22.4,--,Partly cloudy throughout the day.
partly-cloudy-day,2021-03-13,11.5,29.2,--,Partly cloudy throughout the day.
wind,2021-03-14,12.4,58.5,--,Partly cloudy throughout the day.
partly-cloudy-day,2021-03-15,5,36.2,--,Partly cloudy throughout the day.
cloudy,2021-03-16,5.7,19.8,--,Cloudy skies throughout the day.
cloudy,2021-03-17,7.9,10.6,--,Cloudy skies throughout the day.
rain,2021-03-18,9.8,30.8,rain,Cloudy skies throughout the day with a chance of rain throughout the day.
rain,2021-03-19,7.5,39,rain,Clearing in the afternoon with early morning rain.
clear-day,2021-03-20,7.2,24,--,Clear conditions throughout the day.
partly-cloudy-day,2021-03-21,9.7,15.7,--,Partly cloudy throughout the day.
clear-day,2021-03-22,11.1,14.4,--,Clear conditions throughout the day.
partly-cloudy-day,2021-03-23,13.5,19.7,--,Partly cloudy throughout the day.
rain,2021-03-24,13.6,14.4,rain,Cloudy skies throughout the day with a chance of rain throughout the day.
cloudy,2021-03-25,15.2,12.8,--,Cloudy skies throughout the day.
partly-cloudy-day,2021-03-26,21.7,39.9,--,Clearing in the afternoon.
partly-cloudy-day,2021-03-27,16.3,23.2,--,Becoming cloudy in the afternoon.
rain,2021-03-28,15.8,36.8,rain,Cloudy skies throughout the day with rain.
partly-cloudy-day,2021-03-29,10.7,43.3,--,Partly cloudy throughout the day.
partly-cloudy-day,2021-03-30,13.4,25.4,--,Partly cloudy throughout the day.
rain,2021-03-31,15.9,31.2,rain,Cloudy skies throughout the day with rain.
rain,2021-04-01,7.3,47,rain,Partly cloudy throughout the day with rain clearing later.
partly-cloudy-day,2021-04-02,3.5,37.9,--,Partly cloudy throughout the day.
partly-cloudy-day,2021-04-03,6.9,19.4,--,Partly cloudy throughout the day.
partly-cloudy-day,2021-04-04,14.5,27.1,--,Clearing in the afternoon.
partly-cloudy-day,2021-04-05,15.8,21.1,--,Partly cloudy throughout the day.
partly-cloudy-day,2021-04-06,17.7,19.1,--,Partly cloudy throughout the day.
partly-cloudy-day,2021-04-07,18.7,17.6,--,Partly cloudy throughout the day.
partly-cloudy-day,2021-04-08,16.9,27.2,--,Partly cloudy throughout the day.
rain,2021-04-09,14,19.1,rain,Cloudy skies throughout the day with rain clearing later.
cloudy,2021-04-10,16.5,17.5,--,Cloudy skies throughout the day.
rain,2021-04-11,20.4,28.1,rain,Partly cloudy throughout the day with rain.
rain,2021-04-12,14.4,17.8,rain,Cloudy skies throughout the day with rain.
rain,2021-04-13,13.9,16.9,rain,Partly cloudy throughout the day with early morning rain.
rain,2021-04-14,13.8,17.7,rain,Partly cloudy throughout the day with rain.
rain,2021-04-15,14.4,32.7,rain,Partly cloudy throughout the day with early morning rain.
partly-cloudy-day,2021-04-16,11,31.8,--,Partly cloudy throughout the day.
partly-cloudy-day,2021-04-17,11.7,20.4,--,Becoming cloudy in the afternoon.
partly-cloudy-day,2021-04-18,13.8,18,--,Partly cloudy throughout the day.
rain,2021-04-19,13.1,17.3,rain,Partly cloudy throughout the day with rain in the morning and afternoon.
partly-cloudy-day,2021-04-20,16.3,26.1,--,Partly cloudy throughout the day.
rain,2021-04-21,13.5,50.9,rain,Partly cloudy throughout the day with afternoon rain.
partly-cloudy-day,2021-04-22,7.2,34.4,--,Partly cloudy throughout the day.
partly-cloudy-day,2021-04-23,11.2,23.6,--,Becoming cloudy in the afternoon.
rain,2021-04-24,12.3,21,rain,Partly cloudy throughout the day with late afternoon rain.
rain,2021-04-25,13.9,36.8,rain,Cloudy skies throughout the day with rain clearing later.
partly-cloudy-day,2021-04-26,13.8,27,--,Partly cloudy throughout the day.
partly-cloudy-day,2021-04-27,18.8,30.6,--,Partly cloudy throughout the day.
partly-cloudy-day,2021-04-28,22.9,22.7,--,Partly cloudy throughout the day.
partly-cloudy-day,2021-04-29,24.3,30.1,--,Partly cloudy throughout the day.
rain,2021-04-30,18.2,49.7,rain,Partly cloudy throughout the day with rain.
partly-cloudy-day,2021-05-01,14.1,35.5,--,Partly cloudy throughout the day.
partly-cloudy-day,2021-05-02,20.2,30.7,--,Partly cloudy throughout the day.
rain,2021-05-03,21.1,25.4,rain,Cloudy skies throughout the day with rain in the morning and afternoon.
rain,2021-05-04,22.2,21.2,rain,Partly cloudy throughout the day with a chance of rain throughout the day.
rain,2021-05-05,19.6,37.8,rain,Partly cloudy throughout the day with rain in the morning and afternoon.
partly-cloudy-day,2021-05-06,14.4,28.7,--,Becoming cloudy in the afternoon.
rain,2021-05-07,12.9,19.6,rain,Partly cloudy throughout the day with rain.
rain,2021-05-08,11.5,33.9,rain,Partly cloudy throughout the day with rain.
partly-cloudy-day,2021-05-09,14.1,26.4,--,Partly cloudy throughout the day.
partly-cloudy-day,2021-05-10,16.4,31.4,--,Partly cloudy throughout the day.
partly-cloudy-day,2021-05-11,15.9,23.6,--,Partly cloudy throughout the day.
partly-cloudy-day,2021-05-12,14.3,23.8,--,Partly cloudy throughout the day.
partly-cloudy-day,2021-05-13,16.2,19.3,--,Becoming cloudy in the afternoon.
partly-cloudy-day,2021-05-14,16.8,14.3,--,Partly cloudy throughout the day.
partly-cloudy-day,2021-05-15,18.2,15.6,--,Becoming cloudy in the afternoon.
partly-cloudy-day,2021-05-16,16.4,17.6,--,Partly cloudy throughout the day.
partly-cloudy-day,2021-05-17,18.1,12.1,--,Partly cloudy throughout the day.
partly-cloudy-day,2021-05-18,19.6,17.6,--,Partly cloudy throughout the day.
partly-cloudy-day,2021-05-19,22,19.3,--,Partly cloudy throughout the day.
partly-cloudy-day,2021-05-20,23.5,24.8,--,Partly cloudy throughout the day.
partly-cloudy-day,2021-05-21,21.6,17.7,--,Partly cloudy throughout the day.
partly-cloudy-day,2021-05-22,24.9,23.4,--,Partly cloudy throughout the day.
partly-cloudy-day,2021-05-23,28.9,30.6,--,Clearing in the afternoon.
rain,2021-05-24,20.2,25,rain,Cloudy skies throughout the day with rain.
partly-cloudy-day,2021-05-25,19.4,17.6,--,Partly cloudy throughout the day.
rain,2021-05-26,24.6,26.2,rain,Partly cloudy throughout the day with late afternoon rain.
partly-cloudy-day,2021-05-27,25,26.6,--,Partly cloudy throughout the day.
rain,2021-05-28,21.3,22.7,rain,Partly cloudy throughout the day with late afternoon rain.
rain,2021-05-29,12.4,26.7,rain,Cloudy skies throughout the day with a chance of rain throughout the day.
rain,2021-05-30,11.8,25.8,rain,Cloudy skies throughout the day with rain.
partly-cloudy-day,2021-05-31,17,22.2,--,Becoming cloudy in the afternoon.
partly-cloudy-day,2021-06-01,19.8,23.5,--,Partly cloudy throughout the day.
partly-cloudy-day,2021-06-02,21.9,22.4,--,Partly cloudy throughout the day.
rain,2021-06-03,22.6,29,rain,Cloudy skies throughout the day with rain.
rain,2021-06-04,23.8,19.9,rain,Partly cloudy throughout the day with rain.
partly-cloudy-day,2021-06-05,26.5,23.8,--,Partly cloudy throughout the day.
partly-cloudy-day,2021-06-06,27.3,20,--,Partly cloudy throughout the day.
partly-cloudy-day,2021-06-07,27.9,21.4,--,Partly cloudy throughout the day.
rain,2021-06-08,27.5,21.1,rain,Partly cloudy throughout the day with rain.
partly-cloudy-day,2021-06-09,27.5,19.4,--,Partly cloudy throughout the day.
rain,2021-06-10,25.4,22.5,rain,Partly cloudy throughout the day with rain.
rain,2021-06-11,20.5,23.9,rain,Cloudy skies throughout the day with a chance of rain throughout the day.
partly-cloudy-day,2021-06-12,21.6,21.2,--,Partly cloudy throughout the day.
partly-cloudy-day,2021-06-13,23.4,19.8,--,Partly cloudy throughout the day.
rain,2021-06-14,25,31.1,rain,Partly cloudy throughout the day with late afternoon rain.
rain,2021-06-15,23.1,30.4,rain,Becoming cloudy in the afternoon with early morning rain.
partly-cloudy-day,2021-06-16,22.8,22,--,Clearing in the afternoon.
partly-cloudy-day,2021-06-17,21.8,19.1,--,Partly cloudy throughout the day.
partly-cloudy-day,2021-06-18,23.1,23.5,--,Becoming cloudy in the afternoon.
partly-cloudy-day,2021-06-19,26.1,22.3,--,Partly cloudy throughout the day.
rain,2021-06-20,26.9,23.7,rain,Partly cloudy throughout the day with early morning rain.
rain,2021-06-21,26.9,23.5,rain,Partly cloudy throughout the day with late afternoon rain.
rain,2021-06-22,21.2,20.6,rain,Partly cloudy throughout the day with rain in the morning and afternoon.
partly-cloudy-day,2021-06-23,19.5,19.9,--,Partly cloudy throughout the day.
partly-cloudy-day,2021-06-24,21.3,15.6,--,Partly cloudy throughout the day.
partly-cloudy-day,2021-06-25,22.1,19.8,--,Partly cloudy throughout the day.
rain,2021-06-26,25.7,23.8,rain,Partly cloudy throughout the day with rain in the morning and afternoon.
partly-cloudy-day,2021-06-27,27.2,28.6,--,Partly cloudy throughout the day.
partly-cloudy-day,2021-06-28,28.3,21.9,--,Partly cloudy throughout the day.
partly-cloudy-day,2021-06-29,28.9,24.7,--,Becoming cloudy in the afternoon.
rain,2021-06-30,29.4,23.9,rain,Partly cloudy throughout the day with late afternoon rain.
rain,2021-07-01,26.2,14.2,rain,Partly cloudy throughout the day with rain.
rain,2021-07-02,23.7,26.6,rain,Partly cloudy throughout the day with rain clearing later.
rain,2021-07-03,22.2,25,rain,Partly cloudy throughout the day with late afternoon rain.
partly-cloudy-day,2021-07-04,24.1,17.6,--,Partly cloudy throughout the day.
partly-cloudy-day,2021-07-05,26.4,22,--,Partly cloudy throughout the day.
partly-cloudy-day,2021-07-06,28.4,24.9,--,Partly cloudy throughout the day.
partly-cloudy-day,2021-07-07,29.3,24.7,--,Partly cloudy throughout the day.
rain,2021-07-08,26.5,28.6,rain,Partly cloudy throughout the day with rain.
rain,2021-07-09,25.2,27.2,rain,Becoming cloudy in the afternoon with rain.
partly-cloudy-day,2021-07-10,24.8,23.4,--,Partly cloudy throughout the day.
partly-cloudy-day,2021-07-11,27.7,24.7,--,Partly cloudy throughout the day.
partly-cloudy-day,2021-07-12,28.9,26.7,--,Partly cloudy throughout the day.
partly-cloudy-day,2021-07-13,29.5,30.3,--,Becoming cloudy in the afternoon.
rain,2021-07-14,27.6,18.1,rain,Becoming cloudy in the afternoon with rain.
partly-cloudy-day,2021-07-15,27.6,21.4,--,Partly cloudy throughout the day.
partly-cloudy-day,2021-07-16,29.7,24.6,--,Partly cloudy throughout the day.
rain,2021-07-17,29.2,32.2,rain,Partly cloudy throughout the day with late afternoon rain.
partly-cloudy-day,2021-07-18,25.6,27.5,--,Partly cloudy throughout the day.
partly-cloudy-day,2021-07-19,26.6,16.3,--,Partly cloudy throughout the day.
clear-day,2021-07-20,28,17.3,--,Clear conditions throughout the day.
rain,2021-07-21,27.3,30.7,rain,Partly cloudy throughout the day with afternoon rain.
partly-cloudy-day,2021-07-22,24.6,22.2,--,Partly cloudy throughout the day.
partly-cloudy-day,2021-07-23,24.7,15.8,--,Partly cloudy throughout the day.
rain,2021-07-24,25.2,25,rain,Partly cloudy throughout the day with late afternoon rain.
partly-cloudy-day,2021-07-25,27,23,--,Partly cloudy throughout the day.
rain,2021-07-26,28.1,21.9,rain,Partly cloudy throughout the day with late afternoon rain.
rain,2021-07-27,28.2,17.4,rain,Partly cloudy throughout the day with morning rain.
rain,2021-07-28,28.4,19.9,rain,Partly cloudy throughout the day with late afternoon rain.
rain,2021-07-29,26.2,22.6,rain,Partly cloudy throughout the day with rain.
partly-cloudy-day,2021-07-30,28.1,24.1,--,Partly cloudy throughout the day.
partly-cloudy-day,2021-07-31,23.7,19.1,--,Partly cloudy throughout the day.
rain,2021-08-01,23.6,21.3,rain,Cloudy skies throughout the day with a chance of rain throughout the day.
partly-cloudy-day,2021-08-02,23.3,21.5,--,Becoming cloudy in the afternoon.
partly-cloudy-day,2021-08-03,23.3,16.2,--,Partly cloudy throughout the day.
partly-cloudy-day,2021-08-04,23.5,20.9,--,Partly cloudy throughout the day.
partly-cloudy-day,2021-08-05,24.6,15.9,--,Becoming cloudy in the afternoon.
partly-cloudy-day,2021-08-06,26.4,23.2,--,Becoming cloudy in the afternoon.
rain,2021-08-07,22.5,15.2,rain,Cloudy skies throughout the day with rain.
partly-cloudy-day,2021-08-08,25.5,18,--,Partly cloudy throughout the day.
rain,2021-08-09,26.7,25.2,rain,Partly cloudy throughout the day with rain.
rain,2021-08-10,27.6,37.4,rain,Partly cloudy throughout the day with late afternoon rain.
rain,2021-08-11,27.4,20.2,rain,Becoming cloudy in the afternoon with late afternoon rain.
partly-cloudy-day,2021-08-12,28.8,24.8,--,Partly cloudy throughout the day.
rain,2021-08-13,29.3,24.6,rain,Partly cloudy throughout the day with late afternoon rain.
partly-cloudy-day,2021-08-14,27.9,16.3,--,Partly cloudy throughout the day.
rain,2021-08-15,25.2,20.7,rain,Cloudy skies throughout the day with rain clearing later.
rain,2021-08-16,24.9,16,rain,Cloudy skies throughout the day with rain.
rain,2021-08-17,26.6,16.2,rain,Partly cloudy throughout the day with rain.
rain,2021-08-18,28,32.2,rain,Partly cloudy throughout the day with a chance of rain throughout the day.
rain,2021-08-19,28.2,20.8,rain,Partly cloudy throughout the day with late afternoon rain.
rain,2021-08-20,25.2,21.2,rain,Cloudy skies throughout the day with a chance of rain throughout the day.
rain,2021-08-21,26.6,15.3,rain,Partly cloudy throughout the day with afternoon rain.
rain,2021-08-22,25.7,14,rain,Partly cloudy throughout the day with rain.
rain,2021-08-23,28.5,26.6,rain,Partly cloudy throughout the day with late afternoon rain.
rain,2021-08-24,28.7,23.1,rain,Partly cloudy throughout the day with early morning rain.
rain,2021-08-25,28.3,15.7,rain,Partly cloudy throughout the day with late afternoon rain.
rain,2021-08-26,26.8,24.1,rain,Partly cloudy throughout the day with afternoon rain.
rain,2021-08-27,27,21,rain,Becoming cloudy in the afternoon with rain.
rain,2021-08-28,27.7,22.6,rain,Partly cloudy throughout the day with late afternoon rain.
rain,2021-08-29,25.4,17.3,rain,Partly cloudy throughout the day with early morning rain.
rain,2021-08-30,27,25.3,rain,Partly cloudy throughout the day with late afternoon rain.
rain,2021-08-31,26.7,14,rain,Partly cloudy throughout the day with late afternoon rain.
rain,2021-09-01,24.9,38.9,rain,Cloudy skies throughout the day with rain.
rain,2021-09-02,21.7,26.9,rain,Partly cloudy throughout the day with morning rain.
clear-day,2021-09-03,20.7,16,--,Clear conditions throughout the day.
partly-cloudy-day,2021-09-04,21.3,15.9,--,Partly cloudy throughout the day.
partly-cloudy-day,2021-09-05,22.7,16.1,--,Partly cloudy throughout the day.
rain,2021-09-06,25.2,25,rain,Partly cloudy throughout the day with early morning rain.
partly-cloudy-day,2021-09-07,23.8,24.4,--,Partly cloudy throughout the day.
partly-cloudy-day,2021-09-08,24.6,23.7,--,Partly cloudy throughout the day.
rain,2021-09-09,22.7,22.8,rain,Partly cloudy throughout the day with rain clearing later.
partly-cloudy-day,2021-09-10,21,27.1,--,Partly cloudy throughout the day.
partly-cloudy-day,2021-09-11,21,19.8,--,Partly cloudy throughout the day.
partly-cloudy-day,2021-09-12,23.4,28.6,--,Partly cloudy throughout the day.
partly-cloudy-day,2021-09-13,26.5,20.4,--,Clearing in the afternoon.
partly-cloudy-day,2021-09-14,26.6,16.1,--,Partly cloudy throughout the day.
partly-cloudy-day,2021-09-15,26.6,28.5,--,Partly cloudy throughout the day.
rain,2021-09-16,24.3,15.8,rain,Cloudy skies throughout the day with rain.
rain,2021-09-17,24.2,17.3,rain,Partly cloudy throughout the day with rain in the morning and afternoon.
partly-cloudy-day,2021-09-18,24.4,12.6,--,Partly cloudy throughout the day.
partly-cloudy-day,2021-09-19,24.3,19.4,--,Partly cloudy throughout the day.
partly-cloudy-day,2021-09-20,22,19.9,--,Partly cloudy throughout the day.
partly-cloudy-day,2021-09-21,22.7,20,--,Partly cloudy throughout the day.
rain,2021-09-22,24,32.5,rain,Cloudy skies throughout the day with rain.
rain,2021-09-23,21.2,33.3,rain,Partly cloudy throughout the day with rain clearing later.
partly-cloudy-day,2021-09-24,18.4,23,--,Partly cloudy throughout the day.
partly-cloudy-day,2021-09-25,18.9,17.2,--,Becoming cloudy in the afternoon.
partly-cloudy-day,2021-09-26,20,28.8,--,Partly cloudy throughout the day.
partly-cloudy-day,2021-09-27,20,25.1,--,Partly cloudy throughout the day.
partly-cloudy-day,2021-09-28,22.5,19.5,--,Partly cloudy throughout the day.
partly-cloudy-day,2021-09-29,19.3,24.2,--,Clearing in the afternoon.
partly-cloudy-day,2021-09-30,18.2,21,--,Partly cloudy throughout the day.
partly-cloudy-day,2021-10-01,17.6,13.8,--,Partly cloudy throughout the day.
partly-cloudy-day,2021-10-02,19.1,17.3,--,Partly cloudy throughout the day.
partly-cloudy-day,2021-10-03,21.9,21.2,--,Partly cloudy throughout the day.
partly-cloudy-day,2021-10-04,23.8,17.6,--,Partly cloudy throughout the day.
rain,2021-10-05,22.9,26.7,rain,Partly cloudy throughout the day with late afternoon rain.
rain,2021-10-06,20.9,16,rain,Cloudy skies throughout the day with rain clearing later.
partly-cloudy-day,2021-10-07,21.1,12.2,--,Partly cloudy throughout the day.
partly-cloudy-day,2021-10-08,21.6,12.6,--,Partly cloudy throughout the day.
cloudy,2021-10-09,20.5,21.4,--,Cloudy skies throughout the day.
rain,2021-10-10,20.3,25.9,rain,Cloudy skies throughout the day with rain.
rain,2021-10-11,19.5,21.2,rain,Cloudy skies throughout the day with early morning rain.
rain,2021-10-12,19.7,14.1,rain,Cloudy skies throughout the day with rain.
rain,2021-10-13,20.6,12.5,rain,Cloudy skies throughout the day with early morning rain.
partly-cloudy-day,2021-10-14,21.4,14.7,--,Partly cloudy throughout the day.
rain,2021-10-15,21.4,14.6,rain,Partly cloudy throughout the day with morning rain.
rain,2021-10-16,20,29.3,rain,Partly cloudy throughout the day with rain.
partly-cloudy-day,2021-10-17,14.5,30.9,--,Becoming cloudy in the afternoon.
partly-cloudy-day,2021-10-18,14.5,33.2,--,Partly cloudy throughout the day.
clear-day,2021-10-19,15.7,21.2,--,Clear conditions throughout the day.
clear-day,2021-10-20,18.3,20.6,--,Clearing in the afternoon.
partly-cloudy-day,2021-10-21,17.6,18.7,--,Clearing in the afternoon.
partly-cloudy-day,2021-10-22,18.6,22,--,Partly cloudy throughout the day.
partly-cloudy-day,2021-10-23,15.9,17.8,--,Partly cloudy throughout the day.
partly-cloudy-day,2021-10-24,16.2,17.9,--,Partly cloudy throughout the day.
rain,2021-10-25,19.7,23.1,rain,Partly cloudy throughout the day with late afternoon rain.
rain,2021-10-26,15.6,41.2,rain,Partly cloudy throughout the day with early morning rain.
partly-cloudy-day,2021-10-27,15.8,34.5,--,Clearing in the afternoon.
partly-cloudy-day,2021-10-28,15.1,17.8,--,Partly cloudy throughout the day.
rain,2021-10-29,15.2,34.5,rain,Cloudy skies throughout the day with a chance of rain throughout the day.
rain,2021-10-30,15,23.1,rain,Cloudy skies throughout the day with rain.
partly-cloudy-day,2021-10-31,14.7,27.1,--,Partly cloudy throughout the day.
partly-cloudy-day,2021-11-01,13.4,26.7,--,Partly cloudy throughout the day.
rain,2021-11-02,9.3,19.2,rain,Partly cloudy throughout the day with rain.
partly-cloudy-day,2021-11-03,7.7,23.8,--,Partly cloudy throughout the day.
partly-cloudy-day,2021-11-04,7.6,10.5,--,Partly cloudy throughout the day.
partly-cloudy-day,2021-11-05,7.2,19.8,--,Partly cloudy throughout the day.
partly-cloudy-day,2021-11-06,7.5,18.2,--,Partly cloudy throughout the day.
partly-cloudy-day,2021-11-07,8.9,19.7,--,Partly cloudy throughout the day.
clear-day,2021-11-08,12.5,19.8,--,Clear conditions throughout the day.
partly-cloudy-day,2021-11-09,13.2,15.6,--,Partly cloudy throughout the day.
rain,2021-11-10,15.5,23.4,rain,Clearing in the afternoon with morning rain.
partly-cloudy-day,2021-11-11,14.3,23.9,--,Partly cloudy throughout the day.
rain,2021-11-12,15.2,25.8,rain,Partly cloudy throughout the day with rain clearing later.
rain,2021-11-13,8.9,27,rain,Partly cloudy throughout the day with afternoon rain.
partly-cloudy-day,2021-11-14,5.8,22.4,--,Partly cloudy throughout the day.
partly-cloudy-day,2021-11-15,7.5,32.7,--,Partly cloudy throughout the day.
partly-cloudy-day,2021-11-16,7.4,14.2,--,Partly cloudy throughout the day.
partly-cloudy-day,2021-11-17,10.1,14.8,--,Clearing in the afternoon.
rain,2021-11-18,15.7,34.1,rain,Becoming cloudy in the afternoon with late afternoon rain.
partly-cloudy-day,2021-11-19,6.6,36.2,--,Partly cloudy throughout the day.
partly-cloudy-day,2021-11-20,4.8,17.5,--,Partly cloudy throughout the day.
partly-cloudy-day,2021-11-21,7.7,16.4,--,Partly cloudy throughout the day.
rain,2021-11-22,8.5,34.9,rain,Partly cloudy throughout the day with rain clearing later.
partly-cloudy-day,2021-11-23,3.6,27.7,--,Becoming cloudy in the afternoon.
partly-cloudy-day,2021-11-24,4.2,15.5,--,Partly cloudy throughout the day.
partly-cloudy-day,2021-11-25,7,14,--,Partly cloudy throughout the day.
rain,2021-11-26,6.2,38.1,rain,Partly cloudy throughout the day with early morning rain.
partly-cloudy-day,2021-11-27,3.9,26.4,--,Partly cloudy throughout the day.
partly-cloudy-day,2021-11-28,7.7,17.8,--,Becoming cloudy in the afternoon.
partly-cloudy-day,2021-11-29,5.3,34.9,--,Becoming cloudy in the afternoon.
partly-cloudy-day,2021-11-30,4.8,21.8,--,Partly cloudy throughout the day.
partly-cloudy-day,2021-12-01,7.1,14.7,--,Becoming cloudy in the afternoon.
partly-cloudy-day,2021-12-02,12.8,26.7,--,Partly cloudy throughout the day.
partly-cloudy-day,2021-12-03,10.4,36.4,--,Partly cloudy throughout the day.
partly-cloudy-day,2021-12-04,9.2,14.5,--,Partly cloudy throughout the day.
partly-cloudy-day,2021-12-05,7.6,13.8,--,Partly cloudy throughout the day.
partly-cloudy-day,2021-12-06,12.8,48,--,Partly cloudy throughout the day.
partly-cloudy-day,2021-12-07,4,33,--,Partly cloudy throughout the day.
partly-cloudy-day,2021-12-08,4.2,30.3,--,Partly cloudy throughout the day.
partly-cloudy-day,2021-12-09,3.3,19.7,--,Partly cloudy throughout the day.
rain,2021-12-10,7.8,17.4,rain,Cloudy skies throughout the day with late afternoon rain.
rain,2021-12-11,14.8,38.4,rain,Cloudy skies throughout the day with rain.
partly-cloudy-day,2021-12-12,7.3,31.7,--,Partly cloudy throughout the day.
partly-cloudy-day,2021-12-13,5.1,15.6,--,Partly cloudy throughout the day.
partly-cloudy-day,2021-12-14,7.6,12.4,--,Partly cloudy throughout the day.
partly-cloudy-day,2021-12-15,8.2,10.8,--,Partly cloudy throughout the day.
partly-cloudy-day,2021-12-16,12.9,23.4,--,Partly cloudy throughout the day.
cloudy,2021-12-17,15,19.7,--,Cloudy skies throughout the day.
cloudy,2021-12-18,11.3,15.6,--,Cloudy skies throughout the day.
partly-cloudy-day,2021-12-19,7.4,38.1,--,Partly cloudy throughout the day.
partly-cloudy-day,2021-12-20,1.1,16,--,Partly cloudy throughout the day.
rain,2021-12-21,2.4,12.4,rain,Cloudy skies throughout the day with late afternoon rain.
rain,2021-12-22,5.3,36.1,rain,Partly cloudy throughout the day with a chance of rain throughout the day.
rain,2021-12-23,1.8,21.3,rain,Partly cloudy throughout the day with afternoon rain.
partly-cloudy-day,2021-12-24,7.7,25.1,--,Partly cloudy throughout the day.
rain,2021-12-25,14.2,22.4,rain,Partly cloudy throughout the day with late afternoon rain.
partly-cloudy-day,2021-12-26,12.7,21.8,--,Partly cloudy throughout the day.
partly-cloudy-day,2021-12-27,5,17.9,--,Partly cloudy throughout the day.
cloudy,2021-12-28,8.8,17.4,--,Cloudy skies throughout the day.
rain,2021-12-29,10.1,15.9,rain,Cloudy skies throughout the day with late afternoon rain.
rain,2021-12-30,10.2,12.2,rain,Cloudy skies throughout the day with rain clearing later.
rain,2021-12-31,11.8,17.8,rain,Cloudy skies throughout the day with rain.
rain,2022-01-01,14.6,18.4,rain,Cloudy skies throughout the day with rain.
rain,2022-01-02,14.2,30.4,rain,Cloudy skies throughout the day with rain clearing later.
snow,2022-01-03,0.4,36.2,"rain, snow",Partly cloudy throughout the day with a chance of rain or snow throughout the day.
clear-day,2022-01-04,-1.5,22.7,snow,Clear conditions throughout the day.
rain,2022-01-05,2.1,21.9,rain,Partly cloudy throughout the day with afternoon rain.
partly-cloudy-day,2022-01-06,4.3,20.8,rain,Partly cloudy throughout the day.
snow,2022-01-07,-1.2,34.3,"rain, snow",Partly cloudy throughout the day with rain or snow clearing later.
partly-cloudy-day,2022-01-08,-2.5,21.4,--,Partly cloudy throughout the day.
rain,2022-01-09,3.2,24.7,rain,Partly cloudy throughout the day with rain.
rain,2022-01-10,1.6,33.7,"rain, snow",Partly cloudy throughout the day with morning rain or snow.
partly-cloudy-day,2022-01-11,-3.5,31.6,--,Partly cloudy throughout the day.
partly-cloudy-day,2022-01-12,1.4,25.2,--,Partly cloudy throughout the day.
partly-cloudy-day,2022-01-13,4.3,10.5,freezing rain,Partly cloudy throughout the day.
partly-cloudy-day,2022-01-14,5.5,34.7,--,Partly cloudy throughout the day.
partly-cloudy-day,2022-01-15,-3.4,30.7,--,Partly cloudy throughout the day.
snow,2022-01-16,-4.5,34.8,"rain, freezing rain, snow",Partly cloudy throughout the day with rain or snow.
snow,2022-01-17,2.7,43.4,"rain, snow",Partly cloudy throughout the day with early morning snow or rain.
partly-cloudy-day,2022-01-18,2.2,27.9,--,Partly cloudy throughout the day.
partly-cloudy-day,2022-01-19,5.6,27,rain,Partly cloudy throughout the day.
snow,2022-01-20,3.3,26.8,"rain, snow",Partly cloudy throughout the day with rain or snow clearing later.
partly-cloudy-day,2022-01-21,-4.7,30.1,snow,Partly cloudy throughout the day.
partly-cloudy-day,2022-01-22,-3.8,19.6,--,Partly cloudy throughout the day.
partly-cloudy-day,2022-01-23,-0.1,16.4,snow,Partly cloudy throughout the day.
partly-cloudy-day,2022-01-24,2.5,21.5,snow,Partly cloudy throughout the day.
partly-cloudy-day,2022-01-25,3.4,33.9,snow,Partly cloudy throughout the day.
partly-cloudy-day,2022-01-26,-2.1,28.6,--,Partly cloudy throughout the day.
partly-cloudy-day,2022-01-27,-2.2,18.1,snow,Partly cloudy throughout the day.
snow,2022-01-28,1.3,25.1,"rain, snow",Cloudy skies throughout the day with rain or snow.
snow,2022-01-29,-3.5,41.2,"rain, snow",Partly cloudy throughout the day with early morning snow or rain.
partly-cloudy-day,2022-01-30,-3.8,29.1,--,Partly cloudy throughout the day.
partly-cloudy-day,2022-01-31,-1,15.9,--,Partly cloudy throughout the day.
partly-cloudy-day,2022-02-01,0.4,14.4,--,Partly cloudy throughout the day.
partly-cloudy-day,2022-02-02,3.1,12.6,--,Partly cloudy throughout the day.
rain,2022-02-03,8.2,26.1,rain,Cloudy skies throughout the day with a chance of rain throughout the day.
rain,2022-02-04,8.1,31.1,"rain, snow",Cloudy skies throughout the day with a chance of rain or snow throughout the day.
partly-cloudy-day,2022-02-05,-0.4,38.1,--,Clearing in the afternoon.
partly-cloudy-day,2022-02-06,-1,16.8,snow,Partly cloudy throughout the day.
rain,2022-02-07,3.1,14.2,rain,Cloudy skies throughout the day with rain.
partly-cloudy-day,2022-02-08,4.2,20.2,--,Partly cloudy throughout the day.
clear-day,2022-02-09,5.1,18.4,freezing rain,Clear conditions throughout the day.
partly-cloudy-day,2022-02-10,8.9,29.6,--,Becoming cloudy in the afternoon.
partly-cloudy-day,2022-02-11,9.6,30.6,--,Partly cloudy throughout the day.
partly-cloudy-day,2022-02-12,12.1,24.7,rain,Partly cloudy throughout the day.
snow,2022-02-13,1.5,28.3,"rain, snow",Partly cloudy throughout the day with a chance of rain or snow throughout the day.
partly-cloudy-day,2022-02-14,-1.9,28.7,--,Partly cloudy throughout the day.
partly-cloudy-day,2022-02-15,-1,16.3,--,Partly cloudy throughout the day.
partly-cloudy-day,2022-02-16,4.7,18.7,--,Partly cloudy throughout the day.
partly-cloudy-day,2022-02-17,14.1,34,rain,Partly cloudy throughout the day.
rain,2022-02-18,9.2,52.1,rain,Partly cloudy throughout the day with rain clearing later.
partly-cloudy-day,2022-02-19,1.7,47,--,Partly cloudy throughout the day.
clear-day,2022-02-20,0.1,23.2,--,Clear conditions throughout the day.
partly-cloudy-day,2022-02-21,8.4,20.3,--,Partly cloudy throughout the day.
rain,2022-02-22,13.1,41.8,rain,Cloudy skies throughout the day with rain.
rain,2022-02-23,16.6,41,rain,Partly cloudy throughout the day with rain clearing later.
snow,2022-02-24,2.4,28.2,"rain, ice",Cloudy skies throughout the day with rain or snow.
snow,2022-02-25,5,33.5,rain,Partly cloudy throughout the day with rain or snow clearing later.
partly-cloudy-day,2022-02-26,3.1,32,--,Partly cloudy throughout the day.
partly-cloudy-day,2022-02-27,7.1,26.9,--,Partly cloudy throughout the day.
partly-cloudy-day,2022-02-28,6,22.5,--,Partly cloudy throughout the day.
partly-cloudy-day,2022-03-01,6.3,23.5,--,Partly cloudy throughout the day.
partly-cloudy-day,2022-03-02,10.4,15.8,--,Partly cloudy throughout the day.
partly-cloudy-day,2022-03-03,9.4,36.1,rain,Partly cloudy throughout the day.
partly-cloudy-day,2022-03-04,2.8,26.1,--,Partly cloudy throughout the day.
partly-cloudy-day,2022-03-05,8.5,25.5,--,Partly cloudy throughout the day.
rain,2022-03-06,19.1,32.6,rain,Partly cloudy throughout the day with rain in the morning and afternoon.
rain,2022-03-07,20.4,50.4,rain,Partly cloudy throughout the day with rain.
partly-cloudy-day,2022-03-08,9.2,34.5,--,Partly cloudy throughout the day.
rain,2022-03-09,6.2,19.6,rain,Cloudy skies throughout the day with a chance of rain throughout the day.
partly-cloudy-day,2022-03-10,6.9,19.8,rain,Partly cloudy throughout the day.
partly-cloudy-day,2022-03-11,9.6,23.8,--,Partly cloudy throughout the day.
snow,2022-03-12,2,42.2,"rain, snow, ice",Partly cloudy throughout the day with rain or snow in the morning and afternoon.
partly-cloudy-day,2022-03-13,0,35.3,snow,Becoming cloudy in the afternoon.
partly-cloudy-day,2022-03-14,7.5,20,--,Partly cloudy throughout the day.
partly-cloudy-day,2022-03-15,12.5,24.6,--,Partly cloudy throughout the day.
partly-cloudy-day,2022-03-16,14.2,25.2,--,Partly cloudy throughout the day.
rain,2022-03-17,12.6,20.7,rain,Cloudy skies throughout the day with a chance of rain throughout the day.
partly-cloudy-day,2022-03-18,14.7,25.6,rain,Partly cloudy throughout the day.
partly-cloudy-day,2022-03-19,18.6,34.6,rain,Partly cloudy throughout the day.
partly-cloudy-day,2022-03-20,13.4,40.5,--,Partly cloudy throughout the day.
partly-cloudy-day,2022-03-21,14.2,23.9,--,Partly cloudy throughout the day.
partly-cloudy-day,2022-03-22,14.3,17.8,--,Partly cloudy throughout the day.
rain,2022-03-23,10.9,20.3,rain,Cloudy skies throughout the day with rain.
rain,2022-03-24,12.2,17.2,rain,Cloudy skies throughout the day with rain.
partly-cloudy-day,2022-03-25,13.2,21.8,--,Partly cloudy throughout the day.
rain,2022-03-26,9.3,29.7,rain,Partly cloudy throughout the day with afternoon rain.
partly-cloudy-day,2022-03-27,4.9,38.5,--,Partly cloudy throughout the day.
rain,2022-03-28,1.1,38.3,"rain, snow",Partly cloudy throughout the day with late afternoon rain or snow.
partly-cloudy-day,2022-03-29,1.8,27.9,--,Partly cloudy throughout the day.
rain,2022-03-30,8.4,24.2,"rain, snow",Cloudy skies throughout the day with morning rain or snow.
rain,2022-03-31,17.5,52.3,rain,Cloudy skies throughout the day with afternoon rain.
rain,2022-04-01,12.3,44.1,rain,Partly cloudy throughout the day with rain.
partly-cloudy-day,2022-04-02,8.9,26.3,--,Partly cloudy throughout the day.
partly-cloudy-day,2022-04-03,10.7,36.6,--,Partly cloudy throughout the day.
partly-cloudy-day,2022-04-04,9.2,22.5,--,Becoming cloudy in the afternoon.
rain,2022-04-05,10.9,23.1,rain,Cloudy skies throughout the day with rain.
rain,2022-04-06,13.5,23.7,rain,Cloudy skies throughout the day with rain.
rain,2022-04-07,11,28.3,rain,Cloudy skies throughout the day with rain.
rain,2022-04-08,12.4,31.4,rain,Becoming cloudy in the afternoon with late afternoon rain.
rain,2022-04-09,10.1,25.4,rain,Partly cloudy throughout the day with early morning rain.
partly-cloudy-day,2022-04-10,8.7,36.4,--,Partly cloudy throughout the day.
partly-cloudy-day,2022-04-11,11.3,18.3,rain,Partly cloudy throughout the day.
partly-cloudy-day,2022-04-12,18.1,22.3,rain,Partly cloudy throughout the day.
partly-cloudy-day,2022-04-13,21.4,30.7,--,Partly cloudy throughout the day.
rain,2022-04-14,22.7,36.8,rain,Partly cloudy throughout the day with afternoon rain.
partly-cloudy-day,2022-04-15,16.4,30.8,--,Partly cloudy throughout the day.
rain,2022-04-16,19.1,29,rain,Partly cloudy throughout the day with late afternoon rain.
partly-cloudy-day,2022-04-17,12.2,31.1,rain,Clearing in the afternoon.
rain,2022-04-18,7.2,31.1,rain,Cloudy skies throughout the day with rain.
rain,2022-04-19,8,34.9,rain,Partly cloudy throughout the day with early morning rain.
partly-cloudy-day,2022-04-20,10.7,18,--,Partly cloudy throughout the day.
partly-cloudy-day,2022-04-21,14.1,26.8,rain,Partly cloudy throughout the day.
partly-cloudy-day,2022-04-22,18,19.3,--,Partly cloudy throughout the day.
partly-cloudy-day,2022-04-23,18.1,16.5,--,Partly cloudy throughout the day.
partly-cloudy-day,2022-04-24,19,22,rain,Partly cloudy throughout the day.
partly-cloudy-day,2022-04-25,15.9,19.6,rain,Partly cloudy throughout the day.
rain,2022-04-26,16.7,27.1,rain,Cloudy skies throughout the day with rain.
partly-cloudy-day,2022-04-27,12.5,33.9,--,Becoming cloudy in the afternoon.
partly-cloudy-day,2022-04-28,9.4,28.5,--,Clearing in the afternoon.
partly-cloudy-day,2022-04-29,12.5,16.6,--,Partly cloudy throughout the day.
partly-cloudy-day,2022-04-30,13.6,16,--,Partly cloudy throughout the day.
rain,2022-05-01,14.6,14.1,rain,Cloudy skies throughout the day with afternoon rain.
partly-cloudy-day,2022-05-02,19.1,17.6,rain,Clearing in the afternoon.
partly-cloudy-day,2022-05-03,17.7,23.4,rain,Partly cloudy throughout the day.
rain,2022-05-04,17.6,23.7,rain,Cloudy skies throughout the day with rain clearing later.
partly-cloudy-day,2022-05-05,17.1,20.6,--,Partly cloudy throughout the day.
rain,2022-05-06,15.4,37.5,rain,Cloudy skies throughout the day with rain.
rain,2022-05-07,11.1,33.6,rain,Cloudy skies throughout the day with a chance of rain throughout the day.
rain,2022-05-08,10.2,30.7,rain,Cloudy skies throughout the day with early morning rain.
clear-day,2022-05-09,13.9,23.2,rain,Clear conditions throughout the day.
partly-cloudy-day,2022-05-10,16.6,28.5,--,Partly cloudy throughout the day.
partly-cloudy-day,2022-05-11,17.5,28.3,--,Becoming cloudy in the afternoon.
rain,2022-05-12,18.1,28.1,rain,Partly cloudy throughout the day with late afternoon rain.
rain,2022-05-13,19.7,19.8,rain,Cloudy skies throughout the day with rain in the morning and afternoon.
rain,2022-05-14,20.1,14.1,rain,Cloudy skies throughout the day with afternoon rain.
rain,2022-05-15,20.8,27.5,rain,Partly cloudy throughout the day with late afternoon rain.
rain,2022-05-16,20.5,31.2,rain,Partly cloudy throughout the day with a chance of rain throughout the day.
rain,2022-05-17,21.8,31,rain,Becoming cloudy in the afternoon with morning rain.
partly-cloudy-day,2022-05-18,18.9,15.6,--,Partly cloudy throughout the day.
rain,2022-05-19,22.4,23.4,rain,Partly cloudy throughout the day with rain clearing later.
partly-cloudy-day,2022-05-20,25.5,21.8,--,Partly cloudy throughout the day.
partly-cloudy-day,2022-05-21,28.4,23,--,Partly cloudy throughout the day.
rain,2022-05-22,25.5,46.5,rain,Clearing in the afternoon with late afternoon rain.
partly-cloudy-day,2022-05-23,20.2,26.8,rain,Partly cloudy throughout the day.
rain,2022-05-24,16.3,24.8,rain,Cloudy skies throughout the day with a chance of rain throughout the day.
cloudy,2022-05-25,18.1,23,rain,Cloudy skies throughout the day.
cloudy,2022-05-26,19.2,16,rain,Cloudy skies throughout the day.
rain,2022-05-27,21.5,30.4,rain,Cloudy skies throughout the day with rain.
rain,2022-05-28,21.7,28.1,rain,Partly cloudy throughout the day with early morning rain.
partly-cloudy-day,2022-05-29,23,12.8,--,Partly cloudy throughout the day.
partly-cloudy-day,2022-05-30,25.1,20.8,--,Partly cloudy throughout the day.
partly-cloudy-day,2022-05-31,28.3,14.4,--,Partly cloudy throughout the day.
partly-cloudy-day,2022-06-01,29.3,22.8,rain,Partly cloudy throughout the day.
rain,2022-06-02,25.1,24.2,rain,Partly cloudy throughout the day with rain.
rain,2022-06-03,22.9,25.4,rain,Partly cloudy throughout the day with early morning rain.
partly-cloudy-day,2022-06-04,23.6,21.6,--,Partly cloudy throughout the day.
partly-cloudy-day,2022-06-05,21.9,23.3,--,Partly cloudy throughout the day.
partly-cloudy-day,2022-06-06,22,25.6,--,Partly cloudy throughout the day.
rain,2022-06-07,22,27.1,rain,Partly cloudy throughout the day with rain.
rain,2022-06-08,25,18.1,rain,Partly cloudy throughout the day with rain.
rain,2022-06-09,24.6,37.4,rain,Partly cloudy throughout the day with early morning rain.
partly-cloudy-day,2022-06-10,22.4,17.5,--,Partly cloudy throughout the day.
rain,2022-06-11,20.5,16.1,rain,Cloudy skies throughout the day with a chance of rain throughout the day.
rain,2022-06-12,22.4,19.8,rain,Partly cloudy throughout the day with rain clearing later.
rain,2022-06-13,27.3,16.2,rain,Partly cloudy throughout the day with late afternoon rain.
rain,2022-06-14,25.9,24.5,rain,Partly cloudy throughout the day with afternoon rain.
partly-cloudy-day,2022-06-15,26.6,19.8,--,Becoming cloudy in the afternoon.
rain,2022-06-16,25.8,25.2,rain,Partly cloudy throughout the day with morning rain.
partly-cloudy-day,2022-06-17,29.4,27,--,Partly cloudy throughout the day.
partly-cloudy-day,2022-06-18,23.5,43.8,--,Partly cloudy throughout the day.
partly-cloudy-day,2022-06-19,21.2,34,--,Partly cloudy throughout the day.
partly-cloudy-day,2022-06-20,22.4,23.5,--,Partly cloudy throughout the day.
partly-cloudy-day,2022-06-21,23.9,20.2,--,Partly cloudy throughout the day.
rain,2022-06-22,24.7,23,rain,Partly cloudy throughout the day with rain.
rain,2022-06-23,20.5,20.4,rain,Cloudy skies throughout the day with a chance of rain throughout the day.
partly-cloudy-day,2022-06-24,22,14.2,--,Partly cloudy throughout the day.
partly-cloudy-day,2022-06-25,25.3,17.5,--,Partly cloudy throughout the day.
partly-cloudy-day,2022-06-26,26.4,24.9,rain,Partly cloudy throughout the day.
rain,2022-06-27,25.1,24.6,rain,Partly cloudy throughout the day with afternoon rain.
partly-cloudy-day,2022-06-28,23.1,20.2,--,Becoming cloudy in the afternoon.
partly-cloudy-day,2022-06-29,24.4,23.2,--,Becoming cloudy in the afternoon.
partly-cloudy-day,2022-06-30,27.2,15.7,--,Partly cloudy throughout the day.
partly-cloudy-day,2022-07-01,27.9,23.5,rain,Becoming cloudy in the afternoon.
partly-cloudy-day,2022-07-02,28,24.8,rain,Partly cloudy throughout the day.
rain,2022-07-03,26.4,20.2,rain,Partly cloudy throughout the day with rain clearing later.
partly-cloudy-day,2022-07-04,26.1,14.8,rain,Becoming cloudy in the afternoon.
rain,2022-07-05,26.1,25.4,rain,Partly cloudy throughout the day with afternoon rain.
partly-cloudy-day,2022-07-06,28.9,16.1,rain,Partly cloudy throughout the day.
rain,2022-07-07,25.4,23,rain,Partly cloudy throughout the day with rain clearing later.
partly-cloudy-day,2022-07-08,26.2,16.1,rain,Partly cloudy throughout the day.
rain,2022-07-09,22.6,28.3,rain,Cloudy skies throughout the day with a chance of rain throughout the day.
partly-cloudy-day,2022-07-10,24,15.3,rain,Partly cloudy throughout the day.
clear-day,2022-07-11,24,21.4,--,Clear conditions throughout the day.
rain,2022-07-12,25.3,29,rain,Partly cloudy throughout the day with late afternoon rain.
partly-cloudy-day,2022-07-13,26.8,25.1,rain,Partly cloudy throughout the day.
partly-cloudy-day,2022-07-14,26.6,21,--,Becoming cloudy in the afternoon.
partly-cloudy-day,2022-07-15,27.1,16,--,Partly cloudy throughout the day.
rain,2022-07-16,25.4,28.6,rain,Partly cloudy throughout the day with late afternoon rain.
rain,2022-07-17,25.7,14.2,rain,Partly cloudy throughout the day with rain.
partly-cloudy-day,2022-07-18,27.5,26.5,rain,Partly cloudy throughout the day.
partly-cloudy-day,2022-07-19,28.4,15.7,rain,Partly cloudy throughout the day.
clear-day,2022-07-20,28.5,21.9,--,Clear conditions throughout the day.
rain,2022-07-21,29.5,24.3,rain,Partly cloudy throughout the day with late afternoon rain.
partly-cloudy-day,2022-07-22,29.6,22.9,--,Clearing in the afternoon.
partly-cloudy-day,2022-07-23,29.8,26.1,rain,Partly cloudy throughout the day.
partly-cloudy-day,2022-07-24,29.1,24.4,--,Partly cloudy throughout the day.
rain,2022-07-25,28,23.1,rain,Partly cloudy throughout the day with afternoon rain.
cloudy,2022-07-26,25.1,15.8,rain,Cloudy skies throughout the day.
partly-cloudy-day,2022-07-27,27.2,19.5,rain,Partly cloudy throughout the day.
rain,2022-07-28,28.4,23.8,rain,Partly cloudy throughout the day with rain.
partly-cloudy-day,2022-07-29,26.3,18.4,rain,Partly cloudy throughout the day.
rain,2022-07-30,26.7,17.9,rain,Partly cloudy throughout the day with early morning rain.
rain,2022-07-31,25,15.8,rain,Partly cloudy throughout the day with rain.
rain,2022-08-01,26.2,17.6,rain,Partly cloudy throughout the day with early morning rain.
rain,2022-08-02,28.5,21.6,rain,Partly cloudy throughout the day with early morning rain.
partly-cloudy-day,2022-08-03,28.3,19.2,--,Partly cloudy throughout the day.
rain,2022-08-04,28,39.8,rain,Partly cloudy throughout the day with late afternoon rain.
rain,2022-08-05,26.1,21,rain,Partly cloudy throughout the day with rain.
partly-cloudy-day,2022-08-06,26.8,26.1,--,Partly cloudy throughout the day.
partly-cloudy-day,2022-08-07,27.9,25.3,--,Partly cloudy throughout the day.
partly-cloudy-day,2022-08-08,28.5,23.7,--,Becoming cloudy in the afternoon.
rain,2022-08-09,29.9,21.4,rain,Becoming cloudy in the afternoon with late afternoon rain.
rain,2022-08-10,27.4,18,rain,Partly cloudy throughout the day with rain.
partly-cloudy-day,2022-08-11,26.3,23,rain,Partly cloudy throughout the day.
rain,2022-08-12,25.1,25.9,rain,Clearing in the afternoon with rain clearing later.
partly-cloudy-day,2022-08-13,23.3,19.4,--,Partly cloudy throughout the day.
rain,2022-08-14,23.6,19.6,rain,Partly cloudy throughout the day with late afternoon rain.
rain,2022-08-15,21.8,17,rain,Cloudy skies throughout the day with rain.
partly-cloudy-day,2022-08-16,23.5,23.9,--,Clearing in the afternoon.
rain,2022-08-17,23,20.9,rain,Partly cloudy throughout the day with rain.
clear-day,2022-08-18,24.1,19.5,--,Clear conditions throughout the day.
partly-cloudy-day,2022-08-19,25.8,21.8,--,Becoming cloudy in the afternoon.
partly-cloudy-day,2022-08-20,26.3,17.9,--,Partly cloudy throughout the day.
rain,2022-08-21,24.5,19.3,rain,Partly cloudy throughout the day with late afternoon rain.
rain,2022-08-22,25.2,16.4,rain,Partly cloudy throughout the day with early morning rain.
partly-cloudy-day,2022-08-23,26.3,24.4,--,Becoming cloudy in the afternoon.
partly-cloudy-day,2022-08-24,26.4,20,--,Partly cloudy throughout the day.
partly-cloudy-day,2022-08-25,26.7,23.6,--,Partly cloudy throughout the day.
partly-cloudy-day,2022-08-26,27.9,17.9,--,Becoming cloudy in the afternoon.
rain,2022-08-27,27.5,17.8,rain,Partly cloudy throughout the day with early morning rain.
partly-cloudy-day,2022-08-28,27.7,14.4,--,Partly cloudy throughout the day.
partly-cloudy-day,2022-08-29,28,21.9,--,Clearing in the afternoon.
rain,2022-08-30,26.8,26,rain,Becoming cloudy in the afternoon with rain.
partly-cloudy-day,2022-08-31,25.4,24,--,Becoming cloudy in the afternoon.
clear-day,2022-09-01,25.9,16.6,--,Clear conditions throughout the day.
partly-cloudy-day,2022-09-02,25.6,19.8,--,Partly cloudy throughout the day.
partly-cloudy-day,2022-09-03,26,16.4,rain,Partly cloudy throughout the day.
partly-cloudy-day,2022-09-04,26.6,19.9,--,Partly cloudy throughout the day.
rain,2022-09-05,26.1,19.9,rain,Partly cloudy throughout the day with late afternoon rain.
rain,2022-09-06,25.2,23.5,rain,Partly cloudy throughout the day with rain clearing later.
rain,2022-09-07,22.8,25.7,rain,Cloudy skies throughout the day with a chance of rain throughout the day.
partly-cloudy-day,2022-09-08,23,16,--,Partly cloudy throughout the day.
clear-day,2022-09-09,23.2,21.7,rain,Clear conditions throughout the day.
partly-cloudy-day,2022-09-10,23,15.9,--,Partly cloudy throughout the day.
rain,2022-09-11,24.1,16.1,rain,Cloudy skies throughout the day with a chance of rain throughout the day.
rain,2022-09-12,24.8,12.5,rain,Cloudy skies throughout the day with rain.
rain,2022-09-13,24,25.5,rain,Partly cloudy throughout the day with rain clearing later.
partly-cloudy-day,2022-09-14,21.7,18.3,--,Becoming cloudy in the afternoon.
partly-cloudy-day,2022-09-15,22.4,21.7,--,Becoming cloudy in the afternoon.
clear-day,2022-09-16,21,12.3,--,Clear conditions throughout the day.
partly-cloudy-day,2022-09-17,22,16.2,rain,Clearing in the afternoon.
partly-cloudy-day,2022-09-18,22.9,18,--,Partly cloudy throughout the day.
partly-cloudy-day,2022-09-19,24.7,25.2,--,Becoming cloudy in the afternoon.
partly-cloudy-day,2022-09-20,24.9,22.3,--,Clearing in the afternoon.
partly-cloudy-day,2022-09-21,23.9,17.7,--,Partly cloudy throughout the day.
rain,2022-09-22,22.9,36.3,rain,Partly cloudy throughout the day with rain in the morning and afternoon.
partly-cloudy-day,2022-09-23,16.3,29,--,Partly cloudy throughout the day.
partly-cloudy-day,2022-09-24,16.3,16.1,--,Partly cloudy throughout the day.
rain,2022-09-25,20,27.7,rain,Partly cloudy throughout the day with afternoon rain.
partly-cloudy-day,2022-09-26,20.6,21.8,--,Becoming cloudy in the afternoon.
rain,2022-09-27,19,25.5,rain,Partly cloudy throughout the day with afternoon rain.
partly-cloudy-day,2022-09-28,16.2,24.8,--,Becoming cloudy in the afternoon.
partly-cloudy-day,2022-09-29,16.8,28.9,--,Partly cloudy throughout the day.
rain,2022-09-30,14.7,31.1,rain,Cloudy skies throughout the day with rain.
rain,2022-10-01,15.5,32.6,rain,Cloudy skies throughout the day with a chance of rain throughout the day.
rain,2022-10-02,14.7,32.5,rain,Cloudy skies throughout the day with a chance of rain throughout the day.
rain,2022-10-03,10.4,32.6,rain,Cloudy skies throughout the day with a chance of rain throughout the day.
rain,2022-10-04,10.5,28.6,rain,Cloudy skies throughout the day with a chance of rain throughout the day.
rain,2022-10-05,14.2,28.9,rain,Cloudy skies throughout the day with a chance of rain throughout the day.
partly-cloudy-day,2022-10-06,18.1,14.5,rain,Partly cloudy throughout the day.
partly-cloudy-day,2022-10-07,18.9,29.9,rain,Partly cloudy throughout the day.
partly-cloudy-day,2022-10-08,13.1,28.8,rain,Partly cloudy throughout the day.
clear-day,2022-10-09,12.1,17.8,--,Clear conditions throughout the day.
clear-day,2022-10-10,13.9,14.4,--,Clear conditions throughout the day.
clear-day,2022-10-11,15.1,17.4,--,Clear conditions throughout the day.
partly-cloudy-day,2022-10-12,16.2,23.2,--,Partly cloudy throughout the day.
rain,2022-10-13,18.5,25,rain,Cloudy skies throughout the day with a chance of rain throughout the day.
rain,2022-10-14,15.6,16,rain,Clearing in the afternoon with early morning rain.
clear-day,2022-10-15,16.2,24.1,rain,Clear conditions throughout the day.
rain,2022-10-16,16.3,14.1,rain,Partly cloudy throughout the day with late afternoon rain.
rain,2022-10-17,16.5,31.1,rain,Cloudy skies throughout the day with rain.
partly-cloudy-day,2022-10-18,10.2,27.1,--,Becoming cloudy in the afternoon.
partly-cloudy-day,2022-10-19,8.9,28.8,--,Partly cloudy throughout the day.
partly-cloudy-day,2022-10-20,10.2,27.1,--,Partly cloudy throughout the day.
partly-cloudy-day,2022-10-21,12.4,12.5,--,Partly cloudy throughout the day.
partly-cloudy-day,2022-10-22,13.6,15.9,--,Becoming cloudy in the afternoon.
rain,2022-10-23,13.7,22.2,rain,Cloudy skies throughout the day with late afternoon rain.
rain,2022-10-24,15.7,21.5,rain,Cloudy skies throughout the day with early morning rain.
rain,2022-10-25,16.3,12.7,rain,Cloudy skies throughout the day with early morning rain.
rain,2022-10-26,16.6,21.4,rain,Partly cloudy throughout the day with a chance of rain throughout the day.
partly-cloudy-day,2022-10-27,14.9,29,--,Partly cloudy throughout the day.
partly-cloudy-day,2022-10-28,11.6,21.4,--,Partly cloudy throughout the day.
partly-cloudy-day,2022-10-29,12,17.8,--,Partly cloudy throughout the day.
partly-cloudy-day,2022-10-30,11,15.8,rain,Partly cloudy throughout the day.
rain,2022-10-31,15.3,19.9,rain,Cloudy skies throughout the day with rain.
rain,2022-11-01,18,25.3,rain,Partly cloudy throughout the day with rain clearing later.
partly-cloudy-day,2022-11-02,16.4,16.1,--,Partly cloudy throughout the day.
partly-cloudy-day,2022-11-03,15.6,12.4,rain,Clearing in the afternoon.
partly-cloudy-day,2022-11-04,16.4,14.5,--,Partly cloudy throughout the day.
partly-cloudy-day,2022-11-05,20.7,28.9,--,Partly cloudy throughout the day.
rain,2022-11-06,21.4,20.7,rain,Partly cloudy throughout the day with rain.
partly-cloudy-day,2022-11-07,21.6,23.7,--,Clearing in the afternoon.
partly-cloudy-day,2022-11-08,13,30.6,--,Clearing in the afternoon.
clear-day,2022-11-09,10.9,17.7,--,Clear conditions throughout the day.
partly-cloudy-day,2022-11-10,14.7,13.9,--,Partly cloudy throughout the day.
rain,2022-11-11,19.6,31.6,rain,Cloudy skies throughout the day with rain.
rain,2022-11-12,19.6,36.4,rain,Partly cloudy throughout the day with rain.
rain,2022-11-13,8.4,36.4,rain,Partly cloudy throughout the day with early morning rain.
partly-cloudy-day,2022-11-14,6.3,17.6,--,Partly cloudy throughout the day.
rain,2022-11-15,4.6,25,rain,Partly cloudy throughout the day with rain.
rain,2022-11-16,7.3,27.3,rain,Partly cloudy throughout the day with early morning rain.
partly-cloudy-day,2022-11-17,4.9,36,--,Becoming cloudy in the afternoon.
partly-cloudy-day,2022-11-18,4.5,28.2,--,Partly cloudy throughout the day.
partly-cloudy-day,2022-11-19,3.8,21.7,--,Clearing in the afternoon.
clear-day,2022-11-20,2,40,--,Partly cloudy throughout the day.
clear-day,2022-11-21,3,23.5,--,Clear conditions throughout the day.
clear-day,2022-11-22,6.4,21.7,--,Clear conditions throughout the day.
clear-day,2022-11-23,7.7,20,--,Clear conditions throughout the day.
partly-cloudy-day,2022-11-24,7.7,14.3,--,Partly cloudy throughout the day.
rain,2022-11-25,10.6,31.1,rain,Partly cloudy throughout the day with morning rain.
partly-cloudy-day,2022-11-26,9.3,16.6,--,Becoming cloudy in the afternoon.
rain,2022-11-27,10.7,29.1,rain,Cloudy skies throughout the day with rain in the morning and afternoon.
rain,2022-11-28,10.8,39.8,rain,Partly cloudy throughout the day with morning rain.
partly-cloudy-day,2022-11-29,7.3,16.2,--,Partly cloudy throughout the day.
rain,2022-11-30,10.3,31.2,rain,Partly cloudy throughout the day with rain in the morning and afternoon.
partly-cloudy-day,2022-12-01,5,34.2,--,Partly cloudy throughout the day.
partly-cloudy-day,2022-12-02,5,20.1,--,Partly cloudy throughout the day.
rain,2022-12-03,12.5,33,rain,Partly cloudy throughout the day with rain clearing later.
partly-cloudy-day,2022-12-04,5.1,23.4,--,Partly cloudy throughout the day.
partly-cloudy-day,2022-12-05,4.2,16.3,--,Partly cloudy throughout the day.
rain,2022-12-06,7,14.5,rain,Cloudy skies throughout the day with rain.
rain,2022-12-07,12,12.7,rain,Cloudy skies throughout the day with rain in the morning and afternoon.
partly-cloudy-day,2022-12-08,10.7,19.6,rain,Partly cloudy throughout the day.
partly-cloudy-day,2022-12-09,6.8,19.4,--,Partly cloudy throughout the day.
partly-cloudy-day,2022-12-10,4.3,12.5,freezing rain,Partly cloudy throughout the day.
partly-cloudy-day,2022-12-11,6.4,12.5,rain,Partly cloudy throughout the day.
cloudy,2022-12-12,5.8,27,--,Cloudy skies throughout the day.
partly-cloudy-day,2022-12-13,3,24.7,--,Partly cloudy throughout the day.
partly-cloudy-day,2022-12-14,2.2,14,--,Partly cloudy throughout the day.
snow,2022-12-15,4.3,21.9,rain,Cloudy skies throughout the day with a chance of rain or snow throughout the day.
rain,2022-12-16,7.1,28.8,rain,Partly cloudy throughout the day with early morning rain.
partly-cloudy-day,2022-12-17,5.9,21.9,--,Becoming cloudy in the afternoon.
partly-cloudy-day,2022-12-18,3.9,32.7,snow,Partly cloudy throughout the day.
partly-cloudy-day,2022-12-19,1.7,26.9,--,Becoming cloudy in the afternoon.
partly-cloudy-day,2022-12-20,1.2,15.9,--,Partly cloudy throughout the day.
partly-cloudy-day,2022-12-21,2,17.4,"freezing rain, snow",Clearing in the afternoon.
rain,2022-12-22,5.8,30.2,rain,Cloudy skies throughout the day with rain.
rain,2022-12-23,0.4,47.9,"rain, snow",Partly cloudy throughout the day with a chance of rain or snow throughout the day.
partly-cloudy-day,2022-12-24,-9.7,25.6,--,Partly cloudy throughout the day.
clear-day,2022-12-25,-4.9,20.3,--,Clear conditions throughout the day.
partly-cloudy-day,2022-12-26,-2.6,14.2,--,Becoming cloudy in the afternoon.
partly-cloudy-day,2022-12-27,1.6,9.3,--,Clearing in the afternoon.
partly-cloudy-day,2022-12-28,2.5,19.9,--,Partly cloudy throughout the day.
partly-cloudy-day,2022-12-29,4.7,12.6,--,Clearing in the afternoon.
partly-cloudy-day,2022-12-30,7.8,16.2,--,Becoming cloudy in the afternoon.
rain,2022-12-31,10.7,17.9,rain,Cloudy skies throughout the day with rain.
rain,2023-01-01,11,14.2,rain,Clearing in the afternoon with morning rain.
partly-cloudy-day,2023-01-02,10.5,14.7,rain,Partly cloudy throughout the day.
cloudy,2023-01-03,15.2,28.5,rain,Cloudy skies throughout the day.
partly-cloudy-day,2023-01-04,15.3,22.8,rain,Partly cloudy throughout the day.
partly-cloudy-day,2023-01-05,13.5,20.2,--,Partly cloudy throughout the day.
partly-cloudy-day,2023-01-06,8.9,34.1,--,Partly cloudy throughout the day.
partly-cloudy-day,2023-01-07,6.6,24.7,--,Partly cloudy throughout the day.
rain,2023-01-08,3.3,26.7,rain,Partly cloudy throughout the day with late afternoon rain.
partly-cloudy-day,2023-01-09,5.8,27.5,rain,Clearing in the afternoon.
partly-cloudy-day,2023-01-10,4.6,15.8,--,Partly cloudy throughout the day.
rain,2023-01-11,4.4,17.4,"rain, freezing rain",Partly cloudy throughout the day with late afternoon rain.
rain,2023-01-12,8.5,16.8,rain,Cloudy skies throughout the day with rain.
rain,2023-01-13,9,36.5,rain,Partly cloudy throughout the day with rain clearing later.
cloudy,2023-01-14,2.2,39.3,"rain, snow",Cloudy skies throughout the day.
clear-day,2023-01-15,2.4,32.7,"rain, snow",Clear conditions throughout the day.
partly-cloudy-day,2023-01-16,5.4,23.8,"rain, snow",Partly cloudy throughout the day.
rain,2023-01-17,5.2,12.9,rain,Cloudy skies throughout the day with rain in the morning and afternoon.
partly-cloudy-day,2023-01-18,8.8,23.7,rain,Clearing in the afternoon.
rain,2023-01-19,7,16,rain,Cloudy skies throughout the day with rain.
partly-cloudy-day,2023-01-20,7.8,37.7,rain,Partly cloudy throughout the day.
partly-cloudy-day,2023-01-21,5.1,21.7,--,Partly cloudy throughout the day.
rain,2023-01-22,3.2,21.5,rain,Partly cloudy throughout the day with rain.
rain,2023-01-23,5.6,39.3,rain,Cloudy skies throughout the day with rain clearing later.
partly-cloudy-day,2023-01-24,5.1,16.6,--,Partly cloudy throughout the day.
rain,2023-01-25,4.9,18.2,rain,Cloudy skies throughout the day with rain.
rain,2023-01-26,7.2,34.4,rain,Partly cloudy throughout the day with early morning rain.
partly-cloudy-day,2023-01-27,3.9,23.5,--,Partly cloudy throughout the day.
partly-cloudy-day,2023-01-28,6.7,21.3,--,Partly cloudy throughout the day.
rain,2023-01-29,7.1,21.8,rain,Partly cloudy throughout the day with afternoon rain.
partly-cloudy-day,2023-01-30,9.2,14,--,Partly cloudy throughout the day.
rain,2023-01-31,5.2,23.2,rain,Partly cloudy throughout the day with rain in the morning and afternoon.
snow,2023-02-01,2,24.6,"rain, snow",Partly cloudy throughout the day with rain or snow clearing later.
cloudy,2023-02-02,2.2,18.2,--,Cloudy skies throughout the day.
partly-cloudy-day,2023-02-03,-0.2,45.2,--,Clearing in the afternoon.
partly-cloudy-day,2023-02-04,-4.2,27.3,--,Partly cloudy throughout the day.
partly-cloudy-day,2023-02-05,6.8,28.9,--,Partly cloudy throughout the day.
partly-cloudy-day,2023-02-06,8.7,32.3,--,Partly cloudy throughout the day.
partly-cloudy-day,2023-02-07,5.2,18.5,freezing rain,Partly cloudy throughout the day.
partly-cloudy-day,2023-02-08,11.8,23.9,--,Partly cloudy throughout the day.
partly-cloudy-day,2023-02-09,12.8,25.8,--,Partly cloudy throughout the day.
partly-cloudy-day,2023-02-10,14.2,34.1,--,Partly cloudy throughout the day.
partly-cloudy-day,2023-02-11,7.3,28.5,--,Partly cloudy throughout the day.
rain,2023-02-12,4.2,29.1,rain,Cloudy skies throughout the day with rain.
rain,2023-02-13,8.2,25.4,rain,Partly cloudy throughout the day with early morning rain.
partly-cloudy-day,2023-02-14,8.9,16.5,--,Partly cloudy throughout the day.
rain,2023-02-15,13.5,27,rain,Partly cloudy throughout the day with morning rain.
rain,2023-02-16,12.5,18.1,rain,Cloudy skies throughout the day with rain.
rain,2023-02-17,10.8,40.5,rain,Partly cloudy throughout the day with a chance of rain throughout the day.
partly-cloudy-day,2023-02-18,2.7,33.9,--,Partly cloudy throughout the day.
partly-cloudy-day,2023-02-19,9.3,32.3,--,Partly cloudy throughout the day.
partly-cloudy-day,2023-02-20,11.3,20.3,--,Partly cloudy throughout the day.
rain,2023-02-21,12.3,25.3,rain,Partly cloudy throughout the day with early morning rain.
rain,2023-02-22,9.2,19.8,rain,Partly cloudy throughout the day with morning rain.
partly-cloudy-day,2023-02-23,13.9,17.4,rain,Clearing in the afternoon.
partly-cloudy-day,2023-02-24,12.6,44.4,--,Becoming cloudy in the afternoon.
rain,2023-02-25,2.5,19.4,"rain, snow",Cloudy skies throughout the day with afternoon rain or snow.
partly-cloudy-day,2023-02-26,6.8,21.7,rain,Partly cloudy throughout the day.
rain,2023-02-27,7.6,20.6,rain,Partly cloudy throughout the day with late afternoon rain.
rain,2023-02-28,9.3,23.7,rain,Partly cloudy throughout the day with early morning rain.
partly-cloudy-day,2023-03-01,9,25.6,rain,Partly cloudy throughout the day.
rain,2023-03-02,12.9,20.2,rain,Partly cloudy throughout the day with rain clearing later.
rain,2023-03-03,7.4,24.9,rain,Cloudy skies throughout the day with rain.
rain,2023-03-04,9.6,43.9,rain,Clearing in the afternoon with early morning rain.
partly-cloudy-day,2023-03-05,10.2,32.9,--,Partly cloudy throughout the day.
partly-cloudy-day,2023-03-06,9.2,15.8,--,Partly cloudy throughout the day.
partly-cloudy-day,2023-03-07,8.2,42.6,--,Clearing in the afternoon.
clear-day,2023-03-08,6.5,34.5,--,Clear conditions throughout the day.
partly-cloudy-day,2023-03-09,7.7,20.3,--,Partly cloudy throughout the day.
rain,2023-03-10,6.5,16.6,rain,Cloudy skies throughout the day with rain.
cloudy,2023-03-11,5.9,39.8,--,Cloudy skies throughout the day.
rain,2023-03-12,3.1,14.2,rain,Partly cloudy throughout the day with rain.
rain,2023-03-13,6.2,28.7,rain,Cloudy skies throughout the day with early morning rain.
partly-cloudy-day,2023-03-14,3.6,45.5,--,Partly cloudy throughout the day.
partly-cloudy-day,2023-03-15,5.1,42.2,--,Partly cloudy throughout the day.
partly-cloudy-day,2023-03-16,9.4,25,--,Partly cloudy throughout the day.
rain,2023-03-17,12.9,31,rain,Cloudy skies throughout the day with afternoon rain.
rain,2023-03-18,8.8,38.1,rain,Partly cloudy throughout the day with early morning rain.
partly-cloudy-day,2023-03-19,2.8,31.9,--,Partly cloudy throughout the day.
clear-day,2023-03-20,4.7,18.4,--,Clear conditions throughout the day.
partly-cloudy-day,2023-03-21,8.6,15.9,--,Becoming cloudy in the afternoon.
partly-cloudy-day,2023-03-22,13.1,28.9,--,Partly cloudy throughout the day.
partly-cloudy-day,2023-03-23,17.8,26,--,Partly cloudy throughout the day.
rain,2023-03-24,12.9,26,rain,Cloudy skies throughout the day with rain.
rain,2023-03-25,8.6,21.3,rain,Cloudy skies throughout the day with a chance of rain throughout the day.
partly-cloudy-day,2023-03-26,14.3,23.7,--,Partly cloudy throughout the day.
rain,2023-03-27,12.4,17.8,rain,Partly cloudy throughout the day with afternoon rain.
partly-cloudy-day,2023-03-28,11.5,25.7,--,Partly cloudy throughout the day.
partly-cloudy-day,2023-03-29,11.1,21.3,--,Partly cloudy throughout the day.
clear-day,2023-03-30,8.1,35.7,--,Clear conditions throughout the day.
partly-cloudy-day,2023-03-31,12.1,43.5,--,Partly cloudy throughout the day.
rain,2023-04-01,18,58.1,rain,Partly cloudy throughout the day with a chance of rain throughout the day.
partly-cloudy-day,2023-04-02,10.6,45.3,--,Clearing in the afternoon.
partly-cloudy-day,2023-04-03,13.3,35.9,--,Partly cloudy throughout the day.
partly-cloudy-day,2023-04-04,19.3,20.6,--,Partly cloudy throughout the day.
partly-cloudy-day,2023-04-05,22.5,32.6,--,Partly cloudy throughout the day.
rain,2023-04-06,23.3,44.8,rain,Partly cloudy throughout the day with late afternoon rain.
rain,2023-04-07,12.7,30.2,rain,Cloudy skies throughout the day with afternoon rain.
partly-cloudy-day,2023-04-08,9.4,30.1,--,Partly cloudy throughout the day.
partly-cloudy-day,2023-04-09,10.6,16,--,Partly cloudy throughout the day.
clear-day,2023-04-10,11.8,17.2,--,Clear conditions throughout the day.
partly-cloudy-day,2023-04-11,15.7,19.2,--,Partly cloudy throughout the day.
partly-cloudy-day,2023-04-12,20.9,26.9,--,Clearing in the afternoon.
clear-day,2023-04-13,21.9,17.8,--,Clear conditions throughout the day.
partly-cloudy-day,2023-04-14,20.3,23.3,rain,Partly cloudy throughout the day.
rain,2023-04-15,20.3,21.5,rain,Partly cloudy throughout the day with rain.
partly-cloudy-day,2023-04-16,21.3,22.2,--,Partly cloudy throughout the day.
rain,2023-04-17,16.9,34.5,rain,Partly cloudy throughout the day with early morning rain.
partly-cloudy-day,2023-04-18,16,26.8,--,Partly cloudy throughout the day.
partly-cloudy-day,2023-04-19,15.5,18.3,--,Becoming cloudy in the afternoon.
partly-cloudy-day,2023-04-20,20.4,16,--,Partly cloudy throughout the day.
partly-cloudy-day,2023-04-21,22,22.2,--,Partly cloudy throughout the day.
rain,2023-04-22,18.9,34.3,rain,Partly cloudy throughout the day with rain.
partly-cloudy-day,2023-04-23,14.2,28.3,--,Becoming cloudy in the afternoon.
partly-cloudy-day,2023-04-24,11.6,25.9,--,Partly cloudy throughout the day.
partly-cloudy-day,2023-04-25,11.7,17.2,--,Partly cloudy throughout the day.
rain,2023-04-26,13.5,21.6,rain,Partly cloudy throughout the day with afternoon rain.
partly-cloudy-day,2023-04-27,15.9,24.9,--,Partly cloudy throughout the day.
rain,2023-04-28,13.4,35.6,rain,Cloudy skies throughout the day with a chance of rain throughout the day.
rain,2023-04-29,15.3,17.3,rain,Cloudy skies throughout the day with rain clearing later.
rain,2023-04-30,16.3,31.9,rain,Cloudy skies throughout the day with rain in the morning and afternoon.
rain,2023-05-01,13.7,37.5,rain,Partly cloudy throughout the day with late afternoon rain.
cloudy,2023-05-02,11.9,27.4,rain,Cloudy skies throughout the day.
rain,2023-05-03,11,28.5,rain,Cloudy skies throughout the day with morning rain.
partly-cloudy-day,2023-05-04,12.7,21.6,rain,Partly cloudy throughout the day.
partly-cloudy-day,2023-05-05,15,19.5,--,Becoming cloudy in the afternoon.
partly-cloudy-day,2023-05-06,16.7,14,--,Becoming cloudy in the afternoon.
rain,2023-05-07,17.3,15.8,rain,Partly cloudy throughout the day with late afternoon rain.
rain,2023-05-08,21.5,20.2,rain,Partly cloudy throughout the day with morning rain.
rain,2023-05-09,17.7,16.1,rain,Partly cloudy throughout the day with rain clearing later.
partly-cloudy-day,2023-05-10,16.3,12.6,--,Partly cloudy throughout the day.
partly-cloudy-day,2023-05-11,18.5,19.9,--,Partly cloudy throughout the day.
partly-cloudy-day,2023-05-12,21.8,19.6,--,Partly cloudy throughout the day.
rain,2023-05-13,20.4,23,rain,Cloudy skies throughout the day with rain.
partly-cloudy-day,2023-05-14,20.2,19.4,--,Clearing in the afternoon.
partly-cloudy-day,2023-05-15,18.2,21.9,--,Clearing in the afternoon.
partly-cloudy-day,2023-05-16,19.9,24.6,--,Partly cloudy throughout the day.
partly-cloudy-day,2023-05-17,20.2,30.7,--,Clearing in the afternoon.
partly-cloudy-day,2023-05-18,15.7,21.4,--,Becoming cloudy in the afternoon.
partly-cloudy-day,2023-05-19,18.1,25.1,--,Partly cloudy throughout the day.
rain,2023-05-20,19.4,26.5,rain,Partly cloudy throughout the day with late afternoon rain.
rain,2023-05-21,20.2,25.3,rain,Partly cloudy throughout the day with early morning rain.
partly-cloudy-day,2023-05-22,21.3,17.5,--,Partly cloudy throughout the day.
partly-cloudy-day,2023-05-23,19.5,20.3,--,Partly cloudy throughout the day.
partly-cloudy-day,2023-05-24,19.9,17.2,--,Partly cloudy throughout the day.
partly-cloudy-day,2023-05-25,18.6,31.9,--,Clearing in the afternoon.
partly-cloudy-day,2023-05-26,18.3,21.1,--,Partly cloudy throughout the day.
partly-cloudy-day,2023-05-27,19,23.2,--,Partly cloudy throughout the day.
rain,2023-05-28,19,18.1,rain,Cloudy skies throughout the day with late afternoon rain.
rain,2023-05-29,19.8,27.7,rain,Cloudy skies throughout the day with a chance of rain throughout the day.
rain,2023-05-30,18.8,23.1,rain,Partly cloudy throughout the day with early morning rain.
partly-cloudy-day,2023-05-31,19,14.1,--,Partly cloudy throughout the day.
clear-day,2023-06-01,22.2,17.8,--,Clear conditions throughout the day.
clear-day,2023-06-02,25.3,15.4,--,Clear conditions throughout the day.
partly-cloudy-day,2023-06-03,24.1,27.9,--,Partly cloudy throughout the day.
partly-cloudy-day,2023-06-04,19.2,21.1,rain,Partly cloudy throughout the day.
partly-cloudy-day,2023-06-05,20.8,20.9,--,Partly cloudy throughout the day.
partly-cloudy-day,2023-06-06,22.5,25.6,--,Partly cloudy throughout the day.
partly-cloudy-day,2023-06-07,22.2,25,--,Clearing in the afternoon.
partly-cloudy-day,2023-06-08,20.4,21.8,--,Partly cloudy throughout the day.
partly-cloudy-day,2023-06-09,20.2,24,rain,Partly cloudy throughout the day.
partly-cloudy-day,2023-06-10,22.9,22.9,--,Becoming cloudy in the afternoon.
partly-cloudy-day,2023-06-11,25.1,23.9,--,Partly cloudy throughout the day.
rain,2023-06-12,23.7,25.1,rain,Partly cloudy throughout the day with rain.
partly-cloudy-day,2023-06-13,22,20,--,Partly cloudy throughout the day.
partly-cloudy-day,2023-06-14,22.2,37.6,rain,Partly cloudy throughout the day.
partly-cloudy-day,2023-06-15,23,21.6,--,Partly cloudy throughout the day.
rain,2023-06-16,22.7,37.3,rain,Partly cloudy throughout the day with late afternoon rain.
partly-cloudy-day,2023-06-17,23.3,32.3,--,Partly cloudy throughout the day.
partly-cloudy-day,2023-06-18,24.5,17.8,--,Partly cloudy throughout the day.
rain,2023-06-19,25.2,23.4,rain,Partly cloudy throughout the day with late afternoon rain.
rain,2023-06-20,24.2,30,rain,Partly cloudy throughout the day with morning rain.
rain,2023-06-21,18.9,38.9,rain,Cloudy skies throughout the day with rain.
rain,2023-06-22,18.1,23.6,rain,Cloudy skies throughout the day with rain.
rain,2023-06-23,21.9,14.9,rain,Cloudy skies throughout the day with a chance of rain throughout the day.
rain,2023-06-24,25.3,16.2,rain,Partly cloudy throughout the day with morning rain.
partly-cloudy-day,2023-06-25,27,21,--,Becoming cloudy in the afternoon.
partly-cloudy-day,2023-06-26,27.1,23.2,rain,Partly cloudy throughout the day.
rain,2023-06-27,23.4,26.4,rain,Partly cloudy throughout the day with rain.
partly-cloudy-day,2023-06-28,23.7,25.2,--,Partly cloudy throughout the day.
partly-cloudy-day,2023-06-29,24.3,15.8,--,Partly cloudy throughout the day.
rain,2023-06-30,24.5,24,rain,Partly cloudy throughout the day with rain.
rain,2023-07-01,25.1,20.2,rain,Partly cloudy throughout the day with late afternoon rain.
rain,2023-07-02,27,20.2,rain,Partly cloudy throughout the day with early morning rain.
rain,2023-07-03,27.9,24.9,rain,Partly cloudy throughout the day with late afternoon rain.
rain,2023-07-04,27.7,21.6,rain,Partly cloudy throughout the day with early morning rain.
partly-cloudy-day,2023-07-05,28.2,24.4,--,Partly cloudy throughout the day.
rain,2023-07-06,27.6,21.8,rain,Becoming cloudy in the afternoon with afternoon rain.
rain,2023-07-07,26.9,17.2,rain,Becoming cloudy in the afternoon with afternoon rain.
rain,2023-07-08,27.1,31.2,rain,Partly cloudy throughout the day with rain.
rain,2023-07-09,25.3,22.7,rain,Partly cloudy throughout the day with afternoon rain.
partly-cloudy-day,2023-07-10,25.9,20.4,--,Partly cloudy throughout the day.
partly-cloudy-day,2023-07-11,27.2,16,--,Partly cloudy throughout the day.
partly-cloudy-day,2023-07-12,27.9,19.6,--,Becoming cloudy in the afternoon.
partly-cloudy-day,2023-07-13,29,28.1,--,Partly cloudy throughout the day.
rain,2023-07-14,27.1,23.5,rain,Partly cloudy throughout the day with late afternoon rain.
rain,2023-07-15,26.5,31,rain,Partly cloudy throughout the day with late afternoon rain.
rain,2023-07-16,26.5,10.8,rain,Partly cloudy throughout the day with rain.
partly-cloudy-day,2023-07-17,27.6,21,--,Partly cloudy throughout the day.
partly-cloudy-day,2023-07-18,27.8,17.6,--,Clearing in the afternoon.
rain,2023-07-19,26.5,15.4,rain,Partly cloudy throughout the day with rain clearing later.
partly-cloudy-day,2023-07-20,27.4,17.4,--,Becoming cloudy in the afternoon.
rain,2023-07-21,26.3,41.4,rain,Partly cloudy throughout the day with rain clearing later.
partly-cloudy-day,2023-07-22,25.6,19.1,--,Partly cloudy throughout the day.
partly-cloudy-day,2023-07-23,26,20.3,--,Partly cloudy throughout the day.
rain,2023-07-24,26.1,18.3,rain,Partly cloudy throughout the day with morning rain.
rain,2023-07-25,26.4,15.9,rain,Partly cloudy throughout the day with late afternoon rain.
partly-cloudy-day,2023-07-26,26.3,23,--,Partly cloudy throughout the day.
rain,2023-07-27,29.3,30.1,rain,Partly cloudy throughout the day with late afternoon rain.
rain,2023-07-28,29.9,24.5,rain,Partly cloudy throughout the day with late afternoon rain.
rain,2023-07-29,27.6,47,rain,Partly cloudy throughout the day with late afternoon rain.
rain,2023-07-30,26.2,21.5,rain,Partly cloudy throughout the day with early morning rain.
rain,2023-07-31,25.2,21.8,rain,Partly cloudy throughout the day with early morning rain.
partly-cloudy-day,2023-08-01,23.4,20,--,Partly cloudy throughout the day.
partly-cloudy-day,2023-08-02,23.7,17.8,--,Partly cloudy throughout the day.
rain,2023-08-03,22.3,36.1,rain,Partly cloudy throughout the day with rain.
rain,2023-08-04,22.7,30.6,rain,Partly cloudy throughout the day with rain clearing later.
partly-cloudy-day,2023-08-05,25.6,14,rain,Partly cloudy throughout the day.
rain,2023-08-06,25.8,23.3,rain,Partly cloudy throughout the day with late afternoon rain.
rain,2023-08-07,25.5,56,rain,Partly cloudy throughout the day with late afternoon rain.
rain,2023-08-08,25.6,37.9,rain,Clearing in the afternoon with early morning rain.
partly-cloudy-day,2023-08-09,26,21.4,--,Becoming cloudy in the afternoon.
rain,2023-08-10,25.4,24.2,rain,Partly cloudy throughout the day with late afternoon rain.
partly-cloudy-day,2023-08-11,26,14.6,--,Partly cloudy throughout the day.
partly-cloudy-day,2023-08-12,27.3,24.5,--,Partly cloudy throughout the day.
partly-cloudy-day,2023-08-13,28.8,26.2,--,Partly cloudy throughout the day.
rain,2023-08-14,26.8,21.4,rain,Partly cloudy throughout the day with rain.
rain,2023-08-15,26.8,19.8,rain,Partly cloudy throughout the day with rain.
rain,2023-08-16,26.1,19,rain,Becoming cloudy in the afternoon with early morning rain.
partly-cloudy-day,2023-08-17,26.9,20.4,--,Partly cloudy throughout the day.
rain,2023-08-18,25.7,25.7,rain,Partly cloudy throughout the day with early morning rain.
clear-day,2023-08-19,23,17.6,--,Clear conditions throughout the day.
clear-day,2023-08-20,24.9,19.6,--,Clear conditions throughout the day.
partly-cloudy-day,2023-08-21,27.7,17.4,--,Partly cloudy throughout the day.
partly-cloudy-day,2023-08-22,25.8,25.4,--,Partly cloudy throughout the day.
partly-cloudy-day,2023-08-23,23.2,21.2,--,Becoming cloudy in the afternoon.
cloudy,2023-08-24,24,22.8,--,Cloudy skies throughout the day.
rain,2023-08-25,27,28.5,rain,Partly cloudy throughout the day with late afternoon rain.
rain,2023-08-26,28.1,23.6,rain,Partly cloudy throughout the day with early morning rain.
partly-cloudy-day,2023-08-27,27,22.8,--,Partly cloudy throughout the day.
rain,2023-08-28,24.3,17.3,rain,Partly cloudy throughout the day with rain.
rain,2023-08-29,24.6,22.2,rain,Cloudy skies throughout the day with a chance of rain throughout the day.
partly-cloudy-day,2023-08-30,26.3,26.4,rain,Partly cloudy throughout the day.
partly-cloudy-day,2023-08-31,23.2,30.4,--,Partly cloudy throughout the day.
clear-day,2023-09-01,21.8,17.3,--,Clear conditions throughout the day.
clear-day,2023-09-02,22.7,20.7,--,Clear conditions throughout the day.
partly-cloudy-day,2023-09-03,27.4,16.9,--,Partly cloudy throughout the day.
partly-cloudy-day,2023-09-04,29.8,19.9,--,Partly cloudy throughout the day.
partly-cloudy-day,2023-09-05,30,19.7,--,Becoming cloudy in the afternoon.
partly-cloudy-day,2023-09-06,30,12.4,--,Partly cloudy throughout the day.
partly-cloudy-day,2023-09-07,29.1,18.6,--,Partly cloudy throughout the day.
rain,2023-09-08,27.4,21.7,rain,Partly cloudy throughout the day with rain.
rain,2023-09-09,23.6,32.3,rain,Partly cloudy throughout the day with rain.
rain,2023-09-10,23.9,9.1,rain,Partly cloudy throughout the day with a chance of rain throughout the day.
rain,2023-09-11,25.6,18.6,rain,Partly cloudy throughout the day with rain clearing later.
rain,2023-09-12,26.1,18.5,rain,Becoming cloudy in the afternoon with afternoon rain.
partly-cloudy-day,2023-09-13,24.7,20,rain,Partly cloudy throughout the day.
rain,2023-09-14,23,23.1,rain,Partly cloudy throughout the day with early morning rain.
clear-day,2023-09-15,19.9,25.2,--,Clear conditions throughout the day.
clear-day,2023-09-16,20.7,24.8,--,Clear conditions throughout the day.
rain,2023-09-17,19.9,24.6,rain,Partly cloudy throughout the day with rain.
rain,2023-09-18,20.9,28.8,rain,Partly cloudy throughout the day with rain clearing later.
partly-cloudy-day,2023-09-19,20.8,25.8,--,Becoming cloudy in the afternoon.
partly-cloudy-day,2023-09-20,20.6,12.1,--,Becoming cloudy in the afternoon.
partly-cloudy-day,2023-09-21,20.9,12.6,--,Partly cloudy throughout the day.
rain,2023-09-22,19.6,33.5,rain,Partly cloudy throughout the day with late afternoon rain.
rain,2023-09-23,16.5,44.3,rain,Cloudy skies throughout the day with a chance of rain throughout the day.
rain,2023-09-24,19,32.7,rain,Cloudy skies throughout the day with a chance of rain throughout the day.
rain,2023-09-25,18.6,21.6,rain,Cloudy skies throughout the day with late afternoon rain.
rain,2023-09-26,15.9,20.2,rain,Cloudy skies throughout the day with a chance of rain throughout the day.
partly-cloudy-day,2023-09-27,17.1,19.9,--,Partly cloudy throughout the day.
partly-cloudy-day,2023-09-28,16.8,25.8,rain,Partly cloudy throughout the day.
cloudy,2023-09-29,18.6,19.7,rain,Cloudy skies throughout the day.
cloudy,2023-09-30,20.4,22.5,rain,Cloudy skies throughout the day.
clear-day,2023-10-01,21.7,23.2,--,Clear conditions throughout the day.
partly-cloudy-day,2023-10-02,22.4,12.4,--,Becoming cloudy in the afternoon.
partly-cloudy-day,2023-10-03,23,11.9,rain,Partly cloudy throughout the day.
partly-cloudy-day,2023-10-04,21.8,14.2,--,Partly cloudy throughout the day.
partly-cloudy-day,2023-10-05,20.7,16.3,rain,Partly cloudy throughout the day.
partly-cloudy-day,2023-10-06,22.3,10.6,rain,Partly cloudy throughout the day.
rain,2023-10-07,17.8,31.2,rain,Partly cloudy throughout the day with rain in the morning and afternoon.
partly-cloudy-day,2023-10-08,12.9,31.1,--,Partly cloudy throughout the day.
partly-cloudy-day,2023-10-09,12.8,21.7,rain,Partly cloudy throughout the day.
partly-cloudy-day,2023-10-10,15,14.9,--,Partly cloudy throughout the day.
partly-cloudy-day,2023-10-11,16.1,16.1,--,Partly cloudy throughout the day.
partly-cloudy-day,2023-10-12,17.2,12.1,--,Clearing in the afternoon.
partly-cloudy-day,2023-10-13,17,16.4,--,Partly cloudy throughout the day.
rain,2023-10-14,15.2,26.9,rain,Cloudy skies throughout the day with rain.
rain,2023-10-15,13,32.6,rain,Partly cloudy throughout the day with early morning rain.
partly-cloudy-day,2023-10-16,12.5,24.9,--,Becoming cloudy in the afternoon.
partly-cloudy-day,2023-10-17,13.5,22,--,Partly cloudy throughout the day.
partly-cloudy-day,2023-10-18,13.6,16,--,Becoming cloudy in the afternoon.
partly-cloudy-day,2023-10-19,14.8,23.2,--,Becoming cloudy in the afternoon.
rain,2023-10-20,15.9,19.8,rain,Cloudy skies throughout the day with rain.
rain,2023-10-21,15.4,37,rain,Partly cloudy throughout the day with early morning rain.
partly-cloudy-day,2023-10-22,13.8,35.3,rain,Partly cloudy throughout the day.
clear-day,2023-10-23,12.1,22.6,--,Clear conditions throughout the day.
clear-day,2023-10-24,13,16.2,--,Clear conditions throughout the day.
partly-cloudy-day,2023-10-25,16.3,15.7,--,Partly cloudy throughout the day.
partly-cloudy-day,2023-10-26,18.4,12.6,--,Becoming cloudy in the afternoon.
partly-cloudy-day,2023-10-27,20.3,15.7,--,Partly cloudy throughout the day.
partly-cloudy-day,2023-10-28,21.7,16.2,--,Becoming cloudy in the afternoon.
rain,2023-10-29,20.7,17.2,rain,Cloudy skies throughout the day with late afternoon rain.
rain,2023-10-30,17.1,36.5,rain,Partly cloudy throughout the day with late afternoon rain.
rain,2023-10-31,10.3,24.7,rain,Partly cloudy throughout the day with early morning rain.
partly-cloudy-day,2023-11-01,6.8,35.7,--,Clearing in the afternoon.
partly-cloudy-day,2023-11-02,6.4,19.1,--,Partly cloudy throughout the day.
clear-day,2023-11-03,8.9,20,--,Clear conditions throughout the day.
partly-cloudy-day,2023-11-04,11.9,14.1,--,Becoming cloudy in the afternoon.
partly-cloudy-day,2023-11-05,13.5,20,--,Partly cloudy throughout the day.
partly-cloudy-day,2023-11-06,13.2,14.2,--,Partly cloudy throughout the day.
partly-cloudy-day,2023-11-07,17.5,19.8,--,Partly cloudy throughout the day.
partly-cloudy-day,2023-11-08,13.3,20.2,--,Partly cloudy throughout the day.
rain,2023-11-09,15.8,21.4,rain,Partly cloudy throughout the day with rain.
rain,2023-11-10,9.7,19.8,rain,Partly cloudy throughout the day with rain in the morning and afternoon.
partly-cloudy-day,2023-11-11,8.9,16.3,--,Clearing in the afternoon.
partly-cloudy-day,2023-11-12,7.4,19.7,--,Partly cloudy throughout the day.
clear-day,2023-11-13,7.2,21.3,--,Clear conditions throughout the day.
partly-cloudy-day,2023-11-14,10.3,22.3,--,Partly cloudy throughout the day.
partly-cloudy-day,2023-11-15,9.5,21.3,--,Partly cloudy throughout the day.
partly-cloudy-day,2023-11-16,12.2,14.5,--,Partly cloudy throughout the day.
rain,2023-11-17,14.4,22.5,rain,Partly cloudy throughout the day with late afternoon rain.
rain,2023-11-18,12.8,31.4,rain,Clearing in the afternoon with early morning rain.
clear-day,2023-11-19,9.8,20.1,--,Clear conditions throughout the day.
partly-cloudy-day,2023-11-20,7.1,17.4,--,Partly cloudy throughout the day.
rain,2023-11-21,9,26,rain,Cloudy skies throughout the day with rain.
rain,2023-11-22,12,33.1,rain,Partly cloudy throughout the day with early morning rain.
clear-day,2023-11-23,10.1,25.4,--,Clear conditions throughout the day.
partly-cloudy-day,2023-11-24,8.6,28.2,rain,Partly cloudy throughout the day.
partly-cloudy-day,2023-11-25,3.7,24.4,snow,Clearing in the afternoon.
rain,2023-11-26,5.3,12.9,"rain, freezing rain",Cloudy skies throughout the day with rain.
rain,2023-11-27,6.1,32.8,rain,Partly cloudy throughout the day with morning rain.
rain,2023-11-28,2.1,40.2,"rain, snow",Partly cloudy throughout the day with afternoon rain or snow.
partly-cloudy-day,2023-11-29,0.5,16.2,--,Becoming cloudy in the afternoon.
partly-cloudy-day,2023-11-30,5.6,16.9,--,Partly cloudy throughout the day.
rain,2023-12-01,7.5,17.2,rain,Partly cloudy throughout the day with rain.
rain,2023-12-02,9.8,10.5,rain,Cloudy skies throughout the day with late afternoon rain.
rain,2023-12-03,11.6,11.2,rain,Cloudy skies throughout the day with rain clearing later.
partly-cloudy-day,2023-12-04,9.9,24.1,--,Partly cloudy throughout the day.
partly-cloudy-day,2023-12-05,7.2,16,--,Partly cloudy throughout the day.
partly-cloudy-day,2023-12-06,5.6,28.7,rain,Partly cloudy throughout the day.
partly-cloudy-day,2023-12-07,4.9,23,--,Partly cloudy throughout the day.
partly-cloudy-day,2023-12-08,7.7,14.4,--,Partly cloudy throughout the day.
partly-cloudy-day,2023-12-09,8.2,11,"rain, freezing rain",Becoming cloudy in the afternoon.
rain,2023-12-10,13.3,36.1,rain,Cloudy skies throughout the day with rain.
snow,2023-12-11,4.8,32,rain,Partly cloudy throughout the day with rain or snow clearing later.
partly-cloudy-day,2023-12-12,3.8,19.8,--,Partly cloudy throughout the day.
partly-cloudy-day,2023-12-13,5.4,23,--,Partly cloudy throughout the day.
clear-day,2023-12-14,3.8,12.2,--,Clear conditions throughout the day.
clear-day,2023-12-15,7.2,18.5,--,Clear conditions throughout the day.
partly-cloudy-day,2023-12-16,7.7,13.8,--,Partly cloudy throughout the day.
rain,2023-12-17,9.6,27.2,rain,Cloudy skies throughout the day with rain.
rain,2023-12-18,10.5,42.5,rain,Partly cloudy throughout the day with rain clearing later.
partly-cloudy-day,2023-12-19,3.7,33.9,--,Partly cloudy throughout the day.
partly-cloudy-day,2023-12-20,3,16.2,--,Partly cloudy throughout the day.
partly-cloudy-day,2023-12-21,4.6,17.6,--,Partly cloudy throughout the day.
partly-cloudy-day,2023-12-22,5.6,13.7,freezing rain,Partly cloudy throughout the day.
partly-cloudy-day,2023-12-23,6.2,12.2,"rain, freezing rain",Partly cloudy throughout the day.
rain,2023-12-24,7.4,10.3,rain,Partly cloudy throughout the day with morning rain.
partly-cloudy-day,2023-12-25,9,10.5,--,Partly cloudy throughout the day.
rain,2023-12-26,8.2,14,rain,Cloudy skies throughout the day with a chance of rain throughout the day.
rain,2023-12-27,10.2,16.1,rain,Cloudy skies throughout the day with a chance of rain throughout the day.
rain,2023-12-28,11.8,16,rain,Cloudy skies throughout the day with rain clearing later.
partly-cloudy-day,2023-12-29,10,25.9,rain,Partly cloudy throughout the day.
partly-cloudy-day,2023-12-30,6.9,27.8,--,Partly cloudy throughout the day.
partly-cloudy-day,2023-12-31,7,22,--,Partly cloudy throughout the day.
rain,2024-01-01,4.9,21.9,rain,Cloudy skies throughout the day with early morning rain.
partly-cloudy-day,2024-01-02,4.7,29.1,--,Partly cloudy throughout the day.
partly-cloudy-day,2024-01-03,4.4,14.2,--,Partly cloudy throughout the day.
partly-cloudy-day,2024-01-04,4.7,35,--,Partly cloudy throughout the day.
partly-cloudy-day,2024-01-05,0.9,21.3,--,Partly cloudy throughout the day.
snow,2024-01-06,2.7,27.3,rain,Cloudy skies throughout the day with rain or snow.
partly-cloudy-day,2024-01-07,5.2,31.3,--,Partly cloudy throughout the day.
partly-cloudy-day,2024-01-08,5.6,23.4,--,Partly cloudy throughout the day.
rain,2024-01-09,8.6,50.3,rain,Cloudy skies throughout the day with rain.
rain,2024-01-10,9.6,33.7,rain,Partly cloudy throughout the day with rain clearing later.
partly-cloudy-day,2024-01-11,5.8,18.1,--,Partly cloudy throughout the day.
rain,2024-01-12,6.6,28.3,rain,Partly cloudy throughout the day with late afternoon rain.
rain,2024-01-13,8.6,43.3,rain,Partly cloudy throughout the day with early morning rain.
partly-cloudy-day,2024-01-14,2,38.4,rain,Becoming cloudy in the afternoon.
snow,2024-01-15,-1.9,24.9,"rain, snow",Cloudy skies throughout the day with rain or snow.
snow,2024-01-16,-2.1,38.7,"rain, freezing rain, snow, ice",Partly cloudy throughout the day with a chance of rain or snow throughout the day.
clear-day,2024-01-17,-5,22.1,--,Clear conditions throughout the day.
partly-cloudy-day,2024-01-18,-1.2,12.3,--,Partly cloudy throughout the day.
snow,2024-01-19,-0.3,20.4,"rain, snow",Cloudy skies throughout the day with a chance of rain or snow throughout the day.
snow,2024-01-20,-4.3,31.9,snow,Partly cloudy throughout the day with morning snow.
clear-day,2024-01-21,-2.8,29.9,--,Clear conditions throughout the day.
partly-cloudy-day,2024-01-22,-1.4,15.8,--,Becoming cloudy in the afternoon.
partly-cloudy-day,2024-01-23,2.4,13.3,--,Partly cloudy throughout the day.
cloudy,2024-01-24,6.7,8.9,rain,Cloudy skies throughout the day.
rain,2024-01-25,12.9,11.2,rain,Cloudy skies throughout the day with a chance of rain throughout the day.
rain,2024-01-26,18.8,21.6,rain,Partly cloudy throughout the day with morning rain.
rain,2024-01-27,11.3,19.8,rain,Partly cloudy throughout the day with late afternoon rain.
rain,2024-01-28,6.9,25.2,rain,Cloudy skies throughout the day with a chance of rain throughout the day.
cloudy,2024-01-29,6.6,37.3,rain,Cloudy skies throughout the day.
cloudy,2024-01-30,5.1,17.9,--,Cloudy skies throughout the day.
partly-cloudy-day,2024-01-31,4.9,14.1,rain,Partly cloudy throughout the day.
partly-cloudy-day,2024-02-01,5.8,19.2,freezing rain,Partly cloudy throughout the day.
rain,2024-02-02,8.4,30.8,rain,Cloudy skies throughout the day with early morning rain.
clear-day,2024-02-03,5.6,23.5,--,Clear conditions throughout the day.
clear-day,2024-02-04,5.4,14.8,freezing rain,Clear conditions throughout the day.
partly-cloudy-day,2024-02-05,5,19.6,freezing rain,Partly cloudy throughout the day.
clear-day,2024-02-06,3.8,21.9,--,Clear conditions throughout the day.
partly-cloudy-day,2024-02-07,4.4,10.5,--,Partly cloudy throughout the day.
partly-cloudy-day,2024-02-08,6.5,16.2,freezing rain,Partly cloudy throughout the day.
partly-cloudy-day,2024-02-09,10,18,--,Partly cloudy throughout the day.
partly-cloudy-day,2024-02-10,11.9,23.7,--,Partly cloudy throughout the day.
rain,2024-02-11,10.9,15.9,rain,Cloudy skies throughout the day with rain in the morning and afternoon.
rain,2024-02-12,8.6,15.5,rain,Cloudy skies throughout the day with rain.
rain,2024-02-13,6.1,39.9,rain,Partly cloudy throughout the day with a chance of rain throughout the day.
partly-cloudy-day,2024-02-14,5.1,33.5,--,Clearing in the afternoon.
partly-cloudy-day,2024-02-15,4.4,27.6,--,Partly cloudy throughout the day.
partly-cloudy-day,2024-02-16,7,28.5,--,Partly cloudy throughout the day.
snow,2024-02-17,2.4,35.6,"rain, snow",Partly cloudy throughout the day with a chance of rain or snow throughout the day.
partly-cloudy-day,2024-02-18,2.8,25.6,--,Partly cloudy throughout the day.
clear-day,2024-02-19,5.1,18,--,Clear conditions throughout the day.
partly-cloudy-day,2024-02-20,4.1,19.6,freezing rain,Partly cloudy throughout the day.
partly-cloudy-day,2024-02-21,3.9,16,--,Partly cloudy throughout the day.
partly-cloudy-day,2024-02-22,5.5,21.8,--,Partly cloudy throughout the day.
rain,2024-02-23,8,15.6,rain,Partly cloudy throughout the day with rain in the morning and afternoon.
rain,2024-02-24,7.6,28.5,rain,Partly cloudy throughout the day with late afternoon rain.
partly-cloudy-day,2024-02-25,2.9,21.2,--,Partly cloudy throughout the day.
partly-cloudy-day,2024-02-26,10.1,17.7,--,Partly cloudy throughout the day.
rain,2024-02-27,11.7,25.6,rain,Partly cloudy throughout the day with rain.
rain,2024-02-28,14.7,38,rain,Cloudy skies throughout the day with a chance of rain throughout the day.
clear-day,2024-02-29,5.1,31.7,--,Clear conditions throughout the day.
rain,2024-03-01,6.3,25,rain,Becoming cloudy in the afternoon with late afternoon rain.
rain,2024-03-02,8.7,19.9,rain,Cloudy skies throughout the day with a chance of rain throughout the day.
partly-cloudy-day,2024-03-03,11.8,14,rain,Partly cloudy throughout the day.
rain,2024-03-04,13.6,22.6,rain,Cloudy skies throughout the day with late afternoon rain.
rain,2024-03-05,11,30.1,rain,Partly cloudy throughout the day with rain clearing later.
rain,2024-03-06,11.4,23,rain,Cloudy skies throughout the day with rain.
rain,2024-03-07,14.2,28.1,rain,Partly cloudy throughout the day with early morning rain.
partly-cloudy-day,2024-03-08,11.1,23,rain,Partly cloudy throughout the day.
rain,2024-03-09,8.5,27.6,rain,Cloudy skies throughout the day with rain.
rain,2024-03-10,7.6,39.3,rain,Partly cloudy throughout the day with early morning rain.
partly-cloudy-day,2024-03-11,8.5,45,--,Clearing in the afternoon.
partly-cloudy-day,2024-03-12,14.2,30.3,--,Partly cloudy throughout the day.
partly-cloudy-day,2024-03-13,14.7,17.1,--,Partly cloudy throughout the day.
partly-cloudy-day,2024-03-14,16,19.6,--,Clearing in the afternoon.
rain,2024-03-15,18.7,27.1,rain,Partly cloudy throughout the day with late afternoon rain.
partly-cloudy-day,2024-03-16,13.7,30.3,rain,Clearing in the afternoon.
partly-cloudy-day,2024-03-17,14.9,25,--,Partly cloudy throughout the day.
partly-cloudy-day,2024-03-18,8.4,34.9,--,Partly cloudy throughout the day.
partly-cloudy-day,2024-03-19,6.7,27.8,--,Partly cloudy throughout the day.
partly-cloudy-day,2024-03-20,11.6,46.5,--,Clearing in the afternoon.
partly-cloudy-day,2024-03-21,5.4,33.8,--,Becoming cloudy in the afternoon.
rain,2024-03-22,6.8,21.5,rain,Partly cloudy throughout the day with late afternoon rain.
rain,2024-03-23,8.3,45.6,rain,Cloudy skies throughout the day with a chance of rain throughout the day.
clear-day,2024-03-24,5.5,35.9,--,Clear conditions throughout the day.
clear-day,2024-03-25,7.7,19.8,--,Clear conditions throughout the day.
partly-cloudy-day,2024-03-26,9,20.1,--,Partly cloudy throughout the day.
rain,2024-03-27,8.7,14.6,rain,Cloudy skies throughout the day with rain.
rain,2024-03-28,10.2,25.5,rain,Cloudy skies throughout the day with rain clearing later.
partly-cloudy-day,2024-03-29,11.7,42.2,--,Partly cloudy throughout the day.
partly-cloudy-day,2024-03-30,11.3,23.7,--,Partly cloudy throughout the day.
rain,2024-03-31,13.7,19.6,rain,Partly cloudy throughout the day with rain.
rain,2024-04-01,12.1,21.1,rain,Cloudy skies throughout the day with a chance of rain throughout the day.
rain,2024-04-02,10.7,24.1,rain,Cloudy skies throughout the day with a chance of rain throughout the day.
rain,2024-04-03,10.1,21.7,rain,Cloudy skies throughout the day with rain.
rain,2024-04-04,9,43.6,rain,Partly cloudy throughout the day with afternoon rain.
partly-cloudy-day,2024-04-05,8.8,32.5,--,Partly cloudy throughout the day.
partly-cloudy-day,2024-04-06,9.3,39,--,Partly cloudy throughout the day.
partly-cloudy-day,2024-04-07,12.6,24.8,--,Partly cloudy throughout the day.
partly-cloudy-day,2024-04-08,13.9,18.5,rain,Partly cloudy throughout the day.
partly-cloudy-day,2024-04-09,17.5,21.1,--,Partly cloudy throughout the day.
partly-cloudy-day,2024-04-10,19.7,16.3,--,Partly cloudy throughout the day.
rain,2024-04-11,19.1,29,rain,Cloudy skies throughout the day with rain.
rain,2024-04-12,18,41.9,rain,Partly cloudy throughout the day with rain clearing later.
partly-cloudy-day,2024-04-13,16.1,46.6,--,Clearing in the afternoon.
partly-cloudy-day,2024-04-14,18.9,36.1,--,Partly cloudy throughout the day.
rain,2024-04-15,22.1,15.9,rain,Partly cloudy throughout the day with afternoon rain.
partly-cloudy-day,2024-04-16,19.4,26,--,Partly cloudy throughout the day.
partly-cloudy-day,2024-04-17,18.1,19.8,--,Partly cloudy throughout the day.
partly-cloudy-day,2024-04-18,19.2,22,--,Partly cloudy throughout the day.
rain,2024-04-19,12.7,16.3,rain,Cloudy skies throughout the day with afternoon rain.
rain,2024-04-20,17.1,30.2,rain,Partly cloudy throughout the day with early morning rain.
partly-cloudy-day,2024-04-21,11.1,24.6,--,Partly cloudy throughout the day.
partly-cloudy-day,2024-04-22,12,21.4,--,Partly cloudy throughout the day.
partly-cloudy-day,2024-04-23,14.7,25.3,--,Becoming cloudy in the afternoon.
partly-cloudy-day,2024-04-24,18.8,29.1,--,Partly cloudy throughout the day.
partly-cloudy-day,2024-04-25,13.6,22.6,rain,Partly cloudy throughout the day.
partly-cloudy-day,2024-04-26,12.9,24.8,--,Partly cloudy throughout the day.
rain,2024-04-27,13.2,16.2,rain,Cloudy skies throughout the day with afternoon rain.
partly-cloudy-day,2024-04-28,19.5,16,rain,Clearing in the afternoon.
partly-cloudy-day,2024-04-29,24,20.9,--,Partly cloudy throughout the day.
rain,2024-04-30,23.3,24.9,rain,Partly cloudy throughout the day with late afternoon rain.
rain,2024-05-01,23.3,19.2,rain,Clearing in the afternoon with early morning rain.
partly-cloudy-day,2024-05-02,24.3,17.9,--,Partly cloudy throughout the day.
partly-cloudy-day,2024-05-03,20.1,25.1,--,Partly cloudy throughout the day.
rain,2024-05-04,12.3,17.2,rain,Cloudy skies throughout the day with a chance of rain throughout the day.
rain,2024-05-05,17,12.7,rain,Cloudy skies throughout the day with a chance of rain throughout the day.
rain,2024-05-06,21.7,12.6,rain,Cloudy skies throughout the day with late afternoon rain.
rain,2024-05-07,22.4,17.8,rain,Partly cloudy throughout the day with a chance of rain throughout the day.
partly-cloudy-day,2024-05-08,25.3,24,--,Partly cloudy throughout the day.
rain,2024-05-09,21.1,19.8,rain,Partly cloudy throughout the day with late afternoon rain.
rain,2024-05-10,14,22.5,rain,Cloudy skies throughout the day with a chance of rain throughout the day.
rain,2024-05-11,13.6,19.8,rain,Partly cloudy throughout the day with rain.
rain,2024-05-12,15.1,23.4,rain,Partly cloudy throughout the day with rain clearing later.
partly-cloudy-day,2024-05-13,17.8,23.2,--,Partly cloudy throughout the day.
rain,2024-05-14,18.3,17.2,rain,Cloudy skies throughout the day with rain.
rain,2024-05-15,17.6,19.8,rain,Cloudy skies throughout the day with rain clearing later.
partly-cloudy-day,2024-05-16,21,27.4,--,Becoming cloudy in the afternoon.
partly-cloudy-day,2024-05-17,19,17.3,rain,Partly cloudy throughout the day.
rain,2024-05-18,17.4,12.7,rain,Cloudy skies throughout the day with a chance of rain throughout the day.
partly-cloudy-day,2024-05-19,20,10.9,rain,Partly cloudy throughout the day.
partly-cloudy-day,2024-05-20,20.1,14.2,rain,Partly cloudy throughout the day.
partly-cloudy-day,2024-05-21,22.4,19.7,rain,Clearing in the afternoon.
partly-cloudy-day,2024-05-22,24.2,19.9,--,Becoming cloudy in the afternoon.
rain,2024-05-23,25.2,17.5,rain,Partly cloudy throughout the day with rain in the morning and afternoon.
rain,2024-05-24,25.3,17.2,rain,Partly cloudy throughout the day with morning rain.
rain,2024-05-25,25.5,20.2,rain,Partly cloudy throughout the day with late afternoon rain.
rain,2024-05-26,25.3,30,rain,Partly cloudy throughout the day with rain.
rain,2024-05-27,23.3,28.5,rain,Partly cloudy throughout the day with rain.
rain,2024-05-28,22.7,35.8,rain,Becoming cloudy in the afternoon with late afternoon rain.
rain,2024-05-29,19.1,16.9,rain,Becoming cloudy in the afternoon with afternoon rain.
rain,2024-05-30,19.4,25.6,rain,Becoming cloudy in the afternoon with afternoon rain.
clear-day,2024-05-31,19.7,23.4,--,Clear conditions throughout the day.
partly-cloudy-day,2024-06-01,21.4,22.2,--,Partly cloudy throughout the day.
partly-cloudy-day,2024-06-02,22.8,29.1,--,Partly cloudy throughout the day.
rain,2024-06-03,25.3,14.3,rain,Partly cloudy throughout the day with early morning rain.
partly-cloudy-day,2024-06-04,26,30.5,--,Becoming cloudy in the afternoon.
rain,2024-06-05,24.5,23.2,rain,Cloudy skies throughout the day with rain.
partly-cloudy-day,2024-06-06,26.5,27.1,rain,Partly cloudy throughout the day.
partly-cloudy-day,2024-06-07,26.3,35.7,--,Partly cloudy throughout the day.
partly-cloudy-day,2024-06-08,24.4,25.6,--,Partly cloudy throughout the day.
partly-cloudy-day,2024-06-09,24.8,33.5,--,Partly cloudy throughout the day.
rain,2024-06-10,23.5,28.8,rain,Becoming cloudy in the afternoon with late afternoon rain.
rain,2024-06-11,20.8,24.9,rain,Partly cloudy throughout the day with early morning rain.
partly-cloudy-day,2024-06-12,22.4,17.9,--,Partly cloudy throughout the day.
partly-cloudy-day,2024-06-13,25.9,23.2,--,Becoming cloudy in the afternoon.
rain,2024-06-14,27.4,32.1,rain,Becoming cloudy in the afternoon with late afternoon rain.
partly-cloudy-day,2024-06-15,25.2,25,--,Becoming cloudy in the afternoon.
partly-cloudy-day,2024-06-16,25.5,21.3,--,Partly cloudy throughout the day.
partly-cloudy-day,2024-06-17,26.9,23.2,--,Partly cloudy throughout the day.
partly-cloudy-day,2024-06-18,27.9,22.1,--,Partly cloudy throughout the day.
partly-cloudy-day,2024-06-19,27.1,20.2,--,Partly cloudy throughout the day.
partly-cloudy-day,2024-06-20,27.3,17.6,--,Partly cloudy throughout the day.
partly-cloudy-day,2024-06-21,28.7,23,--,Partly cloudy throughout the day.
clear-day,2024-06-22,30.8,21.7,rain,Clear conditions throughout the day.
partly-cloudy-day,2024-06-23,31.8,28.3,--,Partly cloudy throughout the day.
partly-cloudy-day,2024-06-24,29.4,36.1,--,Clearing in the afternoon.
partly-cloudy-day,2024-06-25,27.7,24.2,--,Becoming cloudy in the afternoon.
rain,2024-06-26,29.7,46,rain,Partly cloudy throughout the day with late afternoon rain.
rain,2024-06-27,26.9,17.7,rain,Partly cloudy throughout the day with early morning rain.
partly-cloudy-day,2024-06-28,25.3,24.9,--,Partly cloudy throughout the day.
partly-cloudy-day,2024-06-29,27.8,25.7,rain,Partly cloudy throughout the day.
rain,2024-06-30,29.9,27.2,rain,Partly cloudy throughout the day with rain.
partly-cloudy-day,2024-07-01,23.5,34.4,--,Partly cloudy throughout the day.
partly-cloudy-day,2024-07-02,24.7,20,--,Becoming cloudy in the afternoon.
partly-cloudy-day,2024-07-03,25.8,22,--,Clearing in the afternoon.
rain,2024-07-04,27.2,19.5,rain,Partly cloudy throughout the day with late afternoon rain.
partly-cloudy-day,2024-07-05,29.7,20.5,rain,Partly cloudy throughout the day.
partly-cloudy-day,2024-07-06,32.2,23.2,--,Partly cloudy throughout the day.
partly-cloudy-day,2024-07-07,31.6,21.5,--,Partly cloudy throughout the day.
partly-cloudy-day,2024-07-08,31.1,23.7,--,Partly cloudy throughout the day.
partly-cloudy-day,2024-07-09,31.2,19.8,--,Partly cloudy throughout the day.
rain,2024-07-10,31,32.7,rain,Partly cloudy throughout the day with late afternoon rain.
partly-cloudy-day,2024-07-11,29.1,21.6,--,Partly cloudy throughout the day.
rain,2024-07-12,26.4,20.6,rain,Cloudy skies throughout the day with rain.
rain,2024-07-13,28,17.3,rain,Partly cloudy throughout the day with morning rain.
partly-cloudy-day,2024-07-14,31.3,17.1,--,Partly cloudy throughout the day.
partly-cloudy-day,2024-07-15,32.1,26.4,--,Partly cloudy throughout the day.
partly-cloudy-day,2024-07-16,32.7,30.8,rain,Partly cloudy throughout the day.
rain,2024-07-17,31.3,23.3,rain,Partly cloudy throughout the day with late afternoon rain.
partly-cloudy-day,2024-07-18,27.4,18.5,--,Partly cloudy throughout the day.
partly-cloudy-day,2024-07-19,26.8,19.4,--,Partly cloudy throughout the day.
rain,2024-07-20,25.7,16.6,rain,Partly cloudy throughout the day with afternoon rain.
rain,2024-07-21,27.5,23,rain,Partly cloudy throughout the day with late afternoon rain.
rain,2024-07-22,25.9,24.6,rain,Cloudy skies throughout the day with rain.
rain,2024-07-23,27.1,23.2,rain,Partly cloudy throughout the day with rain.
rain,2024-07-24,26.7,15.8,rain,Cloudy skies throughout the day with rain.
rain,2024-07-25,26.2,20.2,rain,Partly cloudy throughout the day with a chance of rain throughout the day.
partly-cloudy-day,2024-07-26,25.5,22.6,rain,Partly cloudy throughout the day.
partly-cloudy-day,2024-07-27,26.2,12.7,--,Becoming cloudy in the afternoon.
partly-cloudy-day,2024-07-28,26.8,19.8,--,Partly cloudy throughout the day.
rain,2024-07-29,27.6,22,rain,Partly cloudy throughout the day with late afternoon rain.
rain,2024-07-30,26.4,26.3,rain,Cloudy skies throughout the day with late afternoon rain.
rain,2024-07-31,26.7,29.1,rain,Partly cloudy throughout the day with rain.
partly-cloudy-day,2024-08-01,29.6,17.1,--,Partly cloudy throughout the day.
partly-cloudy-day,2024-08-02,31.2,27.6,--,Partly cloudy throughout the day.
rain,2024-08-03,27.9,34.6,rain,Partly cloudy throughout the day with late afternoon rain.
partly-cloudy-day,2024-08-04,26.6,20.2,rain,Partly cloudy throughout the day.
partly-cloudy-day,2024-08-05,28.7,25.3,--,Partly cloudy throughout the day.
partly-cloudy-day,2024-08-06,29.2,26.9,--,Partly cloudy throughout the day.
rain,2024-08-07,27.5,20,rain,Partly cloudy throughout the day with rain.
rain,2024-08-08,25.9,20,rain,Cloudy skies throughout the day with a chance of rain throughout the day.
rain,2024-08-09,27,37.9,rain,Cloudy skies throughout the day with a chance of rain throughout the day.
rain,2024-08-10,27.8,16.4,rain,Partly cloudy throughout the day with late afternoon rain.
partly-cloudy-day,2024-08-11,24.9,22.7,--,Partly cloudy throughout the day.
partly-cloudy-day,2024-08-12,24.8,25.4,--,Partly cloudy throughout the day.
partly-cloudy-day,2024-08-13,25,15.2,--,Partly cloudy throughout the day.
partly-cloudy-day,2024-08-14,24.8,25.5,--,Partly cloudy throughout the day.
partly-cloudy-day,2024-08-15,25.9,20.1,--,Partly cloudy throughout the day.
partly-cloudy-day,2024-08-16,26.3,21.1,--,Partly cloudy throughout the day.
rain,2024-08-17,25.3,31.2,rain,Partly cloudy throughout the day with rain.
partly-cloudy-day,2024-08-18,25.7,21.5,rain,Partly cloudy throughout the day.
rain,2024-08-19,25.9,29,rain,Partly cloudy throughout the day with afternoon rain.
partly-cloudy-day,2024-08-20,21.3,27,--,Partly cloudy throughout the day.
partly-cloudy-day,2024-08-21,20,23.6,rain,Partly cloudy throughout the day.
partly-cloudy-day,2024-08-22,20.7,15.6,--,Becoming cloudy in the afternoon.
partly-cloudy-day,2024-08-23,22.5,21.1,--,Partly cloudy throughout the day.
partly-cloudy-day,2024-08-24,23.4,20.6,--,Partly cloudy throughout the day.
partly-cloudy-day,2024-08-25,24.5,21.4,--,Partly cloudy throughout the day.
rain,2024-08-26,25.4,46.1,rain,Partly cloudy throughout the day with afternoon rain.
partly-cloudy-day,2024-08-27,27.7,17,--,Partly cloudy throughout the day.
partly-cloudy-day,2024-08-28,30.2,23.1,--,Partly cloudy throughout the day.
rain,2024-08-29,28.1,23.3,rain,Partly cloudy throughout the day with late afternoon rain.
rain,2024-08-30,22.9,19.8,rain,Cloudy skies throughout the day with rain.
rain,2024-08-31,24.1,17.2,rain,Cloudy skies throughout the day with rain.
